Query_ID,Match_Rank,Gallery_ID,Similarity
0657,1,0663,0.9982
0657,2,0742,0.9981
0657,3,0753,0.9980
0657,4,0590,0.9979
0657,5,0727,0.9978
0657,6,0585,0.9977
0657,7,0598,0.9974
0657,8,0609,0.9973
0657,9,0588,0.9971
0657,10,0668,0.9971
0368,1,0368,0.9990
0368,2,0420,0.9986
0368,3,0319,0.9973
0368,4,0541,0.9973
0368,5,0315,0.9970
0368,6,0554,0.9968
0368,7,0569,0.9967
0368,8,0296,0.9965
0368,9,0543,0.9962
0368,10,0486,0.9962
0586,1,0586,0.9982
0586,2,0657,0.9976
0586,3,0609,0.9976
0586,4,0717,0.9975
0586,5,0677,0.9975
0586,6,0590,0.9973
0586,7,0477,0.9972
0586,8,0712,0.9970
0586,9,0659,0.9969
0586,10,0663,0.9968
0299,1,0299,0.9989
0299,2,0421,0.9971
0299,3,0545,0.9966
0299,4,0173,0.9965
0299,5,0522,0.9964
0299,6,0385,0.9963
0299,7,0086,0.9961
0299,8,0315,0.9958
0299,9,0546,0.9957
0299,10,0566,0.9955
0742,1,0727,0.9983
0742,2,0742,0.9979
0742,3,0582,0.9975
0742,4,0753,0.9974
0742,5,0110,0.9969
0742,6,0590,0.9968
0742,7,0585,0.9967
0742,8,0663,0.9967
0742,9,0473,0.9967
0742,10,0598,0.9966
0541,1,0541,0.9989
0541,2,0543,0.9988
0541,3,0554,0.9979
0541,4,0566,0.9974
0541,5,0113,0.9972
0541,6,0486,0.9964
0541,7,0420,0.9963
0541,8,0546,0.9961
0541,9,0368,0.9959
0541,10,0315,0.9958
0298,1,0298,0.9987
0298,2,0166,0.9967
0298,3,0522,0.9967
0298,4,0173,0.9961
0298,5,0262,0.9958
0298,6,0416,0.9956
0298,7,0135,0.9956
0298,8,0421,0.9955
0298,9,0446,0.9954
0298,10,0151,0.9952
0668,1,0668,0.9987
0668,2,0727,0.9980
0668,3,0742,0.9975
0668,4,0663,0.9972
0668,5,0753,0.9967
0668,6,0585,0.9965
0668,7,0615,0.9962
0668,8,0590,0.9961
0668,9,0102,0.9961
0668,10,0110,0.9961
0518,1,0518,0.9986
0518,2,0630,0.9976
0518,3,0585,0.9970
0518,4,0654,0.9968
0518,5,0696,0.9968
0518,6,0727,0.9967
0518,7,0676,0.9966
0518,8,0634,0.9966
0518,9,0477,0.9962
0518,10,0063,0.9961
0660,1,0609,0.9982
0660,2,0585,0.9979
0660,3,0677,0.9979
0660,4,0477,0.9979
0660,5,0654,0.9978
0660,6,0657,0.9977
0660,7,0742,0.9977
0660,8,0717,0.9975
0660,9,0518,0.9974
0660,10,0586,0.9973
0174,1,0174,0.9972
0174,2,0142,0.9931
0174,3,0143,0.9916
0174,4,0392,0.9910
0174,5,0405,0.9908
0174,6,0172,0.9905
0174,7,0404,0.9904
0174,8,0135,0.9897
0174,9,0145,0.9888
0174,10,0151,0.9884
0576,1,0742,0.9987
0576,2,0654,0.9985
0576,3,0727,0.9983
0576,4,0609,0.9981
0576,5,0630,0.9981
0576,6,0663,0.9980
0576,7,0625,0.9979
0576,8,0634,0.9978
0576,9,0668,0.9975
0576,10,0676,0.9975
0720,1,0720,0.9997
0720,2,0063,0.9983
0720,3,0652,0.9982
0720,4,0477,0.9982
0720,5,0576,0.9981
0720,6,0630,0.9979
0720,7,0659,0.9977
0720,8,0698,0.9975
0720,9,0660,0.9973
0720,10,0467,0.9972
0522,1,0151,0.9975
0522,2,0262,0.9969
0522,3,0074,0.9967
0522,4,0117,0.9965
0522,5,0126,0.9963
0522,6,0129,0.9963
0522,7,0150,0.9958
0522,8,0416,0.9956
0522,9,0166,0.9954
0522,10,0298,0.9952
0467,1,0652,0.9985
0467,2,0597,0.9980
0467,3,0654,0.9979
0467,4,0610,0.9970
0467,5,0630,0.9970
0467,6,0090,0.9968
0467,7,0659,0.9967
0467,8,0518,0.9965
0467,9,0477,0.9965
0467,10,0467,0.9965
0768,1,0768,0.9981
0768,2,0108,0.9972
0768,3,0576,0.9970
0768,4,0467,0.9970
0768,5,0642,0.9966
0768,6,0660,0.9966
0768,7,0477,0.9964
0768,8,0663,0.9964
0768,9,0712,0.9960
0768,10,0672,0.9954
0588,1,0590,0.9987
0588,2,0663,0.9987
0588,3,0588,0.9985
0588,4,0609,0.9977
0588,5,0742,0.9977
0588,6,0753,0.9976
0588,7,0101,0.9973
0588,8,0584,0.9973
0588,9,0598,0.9972
0588,10,0657,0.9970
0385,1,0106,0.9978
0385,2,0373,0.9973
0385,3,0480,0.9969
0385,4,0510,0.9969
0385,5,0365,0.9968
0385,6,0144,0.9967
0385,7,0295,0.9963
0385,8,0231,0.9952
0385,9,0288,0.9941
0385,10,0322,0.9940
0142,1,0142,0.9969
0142,2,0151,0.9935
0142,3,0145,0.9933
0142,4,0174,0.9932
0142,5,0143,0.9924
0142,6,0172,0.9923
0142,7,0135,0.9918
0142,8,0150,0.9917
0142,9,0129,0.9907
0142,10,0074,0.9907
0180,1,0180,0.9982
0180,2,0197,0.9978
0180,3,0205,0.9951
0180,4,0182,0.9938
0180,5,0196,0.9933
0180,6,0038,0.9928
0180,7,0014,0.9926
0180,8,0179,0.9916
0180,9,0188,0.9915
0180,10,0035,0.9907
0610,1,0610,0.9991
0610,2,0685,0.9983
0610,3,0721,0.9980
0610,4,0711,0.9974
0610,5,0677,0.9973
0610,6,0586,0.9972
0610,7,0602,0.9968
0610,8,0653,0.9967
0610,9,0717,0.9965
0610,10,0090,0.9960
0369,1,0295,0.9992
0369,2,0369,0.9988
0369,3,0365,0.9985
0369,4,0322,0.9980
0369,5,0385,0.9978
0369,6,0288,0.9977
0369,7,0380,0.9971
0369,8,0373,0.9971
0369,9,0296,0.9966
0369,10,0318,0.9965
0154,1,0154,0.9991
0154,2,0402,0.9852
0154,3,0241,0.9850
0154,4,0405,0.9798
0154,5,0240,0.9784
0154,6,0392,0.9776
0154,7,0172,0.9758
0154,8,0143,0.9752
0154,9,0135,0.9740
0154,10,0142,0.9738
0507,1,0486,0.9989
0507,2,0507,0.9987
0507,3,0543,0.9982
0507,4,0554,0.9980
0507,5,0541,0.9978
0507,6,0546,0.9976
0507,7,0614,0.9974
0507,8,0130,0.9965
0507,9,0569,0.9961
0507,10,0515,0.9959
0145,1,0145,0.9963
0145,2,0142,0.9933
0145,3,0166,0.9899
0145,4,0172,0.9890
0145,5,0143,0.9870
0145,6,0298,0.9869
0145,7,0074,0.9854
0145,8,0174,0.9851
0145,9,0117,0.9841
0145,10,0151,0.9839
0065,1,0065,0.9997
0065,2,0066,0.9918
0065,3,0273,0.9846
0065,4,0281,0.9713
0065,5,0122,0.9690
0065,6,0485,0.9605
0065,7,0450,0.9585
0065,8,0118,0.9566
0065,9,0009,0.9541
0065,10,0110,0.9528
0143,1,0143,0.9989
0143,2,0174,0.9971
0143,3,0142,0.9971
0143,4,0135,0.9965
0143,5,0172,0.9950
0143,6,0145,0.9941
0143,7,0150,0.9914
0143,8,0151,0.9911
0143,9,0298,0.9904
0143,10,0392,0.9899
0014,1,0014,0.9995
0014,2,0179,0.9979
0014,3,0182,0.9971
0014,4,0180,0.9962
0014,5,0038,0.9957
0014,6,0196,0.9956
0014,7,0207,0.9943
0014,8,0192,0.9942
0014,9,0197,0.9941
0014,10,0205,0.9936
0775,1,0729,0.9969
0775,2,0775,0.9958
0775,3,0610,0.9862
0775,4,0685,0.9857
0775,5,0774,0.9833
0775,6,0090,0.9800
0775,7,0597,0.9793
0775,8,0652,0.9782
0775,9,0677,0.9772
0775,10,0711,0.9769
0300,1,0300,0.9994
0300,2,0369,0.9988
0300,3,0380,0.9985
0300,4,0318,0.9984
0300,5,0296,0.9982
0300,6,0295,0.9978
0300,7,0371,0.9978
0300,8,0322,0.9974
0300,9,0337,0.9973
0300,10,0361,0.9971
0676,1,0110,0.9987
0676,2,0727,0.9976
0676,3,0676,0.9975
0676,4,0417,0.9967
0676,5,0668,0.9966
0676,6,0625,0.9963
0676,7,0588,0.9961
0676,8,0742,0.9958
0676,9,0450,0.9955
0676,10,0585,0.9954
0361,1,0315,0.9992
0361,2,0361,0.9992
0361,3,0310,0.9985
0361,4,0318,0.9983
0361,5,0385,0.9978
0361,6,0380,0.9978
0361,7,0545,0.9973
0361,8,0371,0.9972
0361,9,0322,0.9972
0361,10,0368,0.9972
0089,1,0089,0.9964
0089,2,0485,0.9850
0089,3,0118,0.9837
0089,4,0482,0.9833
0089,5,0130,0.9814
0089,6,0699,0.9807
0089,7,0570,0.9793
0089,8,0761,0.9790
0089,9,0009,0.9782
0089,10,0622,0.9777
0476,1,0476,0.9994
0476,2,0642,0.9981
0476,3,0494,0.9976
0476,4,0623,0.9976
0476,5,0480,0.9976
0476,6,0660,0.9974
0476,7,0108,0.9973
0476,8,0672,0.9972
0476,9,0231,0.9970
0476,10,0467,0.9965
0543,1,0543,0.9977
0543,2,0113,0.9974
0543,3,0132,0.9973
0543,4,0074,0.9967
0543,5,0009,0.9954
0543,6,0130,0.9947
0543,7,0541,0.9947
0543,8,0554,0.9943
0543,9,0668,0.9942
0543,10,0566,0.9941
0380,1,0385,0.9990
0380,2,0368,0.9987
0380,3,0365,0.9986
0380,4,0322,0.9985
0380,5,0369,0.9984
0380,6,0380,0.9981
0380,7,0315,0.9980
0380,8,0318,0.9978
0380,9,0569,0.9976
0380,10,0420,0.9976
0654,1,0742,0.9990
0654,2,0585,0.9990
0654,3,0727,0.9987
0654,4,0654,0.9987
0654,5,0598,0.9980
0654,6,0609,0.9980
0654,7,0717,0.9979
0654,8,0634,0.9979
0654,9,0615,0.9978
0654,10,0753,0.9975
0205,1,0205,0.9987
0205,2,0188,0.9972
0205,3,0197,0.9948
0205,4,0035,0.9940
0205,5,0180,0.9931
0205,6,0038,0.9914
0205,7,0014,0.9908
0205,8,0030,0.9907
0205,9,0179,0.9907
0205,10,0182,0.9869
0241,1,0241,0.9984
0241,2,0172,0.9942
0241,3,0456,0.9931
0241,4,0240,0.9927
0241,5,0298,0.9923
0241,6,0135,0.9922
0241,7,0143,0.9915
0241,8,0174,0.9911
0241,9,0166,0.9905
0241,10,0173,0.9898
0295,1,0295,0.9994
0295,2,0365,0.9991
0295,3,0373,0.9984
0295,4,0288,0.9980
0295,5,0322,0.9978
0295,6,0369,0.9976
0295,7,0385,0.9971
0295,8,0510,0.9965
0295,9,0569,0.9958
0295,10,0480,0.9957
0569,1,0624,0.9977
0569,2,0569,0.9975
0569,3,0420,0.9974
0569,4,0657,0.9970
0569,5,0477,0.9967
0569,6,0584,0.9964
0569,7,0659,0.9963
0569,8,0698,0.9963
0569,9,0102,0.9962
0569,10,0518,0.9962
0582,1,0582,0.9988
0582,2,0593,0.9971
0582,3,0711,0.9964
0582,4,0606,0.9963
0582,5,0631,0.9957
0582,6,0602,0.9955
0582,7,0598,0.9955
0582,8,0612,0.9953
0582,9,0770,0.9953
0582,10,0753,0.9951
0332,1,0332,0.9977
0332,2,0086,0.9971
0332,3,0298,0.9969
0332,4,0456,0.9960
0332,5,0522,0.9956
0332,6,0173,0.9952
0332,7,0241,0.9950
0332,8,0344,0.9946
0332,9,0421,0.9946
0332,10,0240,0.9946
0337,1,0337,0.9988
0337,2,0361,0.9986
0337,3,0344,0.9983
0337,4,0326,0.9978
0337,5,0310,0.9977
0337,6,0299,0.9977
0337,7,0315,0.9976
0337,8,0380,0.9976
0337,9,0318,0.9975
0337,10,0371,0.9974
0288,1,0288,0.9978
0288,2,0365,0.9975
0288,3,0373,0.9962
0288,4,0106,0.9960
0288,5,0295,0.9960
0288,6,0480,0.9959
0288,7,0420,0.9956
0288,8,0584,0.9952
0288,9,0101,0.9946
0288,10,0322,0.9944
0102,1,0585,0.9990
0102,2,0615,0.9989
0102,3,0102,0.9987
0102,4,0606,0.9986
0102,5,0687,0.9986
0102,6,0609,0.9985
0102,7,0770,0.9985
0102,8,0653,0.9984
0102,9,0598,0.9978
0102,10,0742,0.9977
0096,1,0104,0.9980
0096,2,0096,0.9979
0096,3,0106,0.9976
0096,4,0461,0.9972
0096,5,0231,0.9965
0096,6,0510,0.9960
0096,7,0262,0.9958
0096,8,0126,0.9955
0096,9,0108,0.9952
0096,10,0480,0.9950
0624,1,0585,0.9995
0624,2,0598,0.9992
0624,3,0615,0.9986
0624,4,0717,0.9985
0624,5,0753,0.9983
0624,6,0612,0.9983
0624,7,0687,0.9981
0624,8,0653,0.9981
0624,9,0609,0.9978
0624,10,0102,0.9978
0625,1,0110,0.9990
0625,2,0727,0.9984
0625,3,0742,0.9976
0625,4,0585,0.9975
0625,5,0668,0.9974
0625,6,0625,0.9970
0625,7,0676,0.9969
0625,8,0417,0.9968
0625,9,0753,0.9967
0625,10,0654,0.9964
0677,1,0609,0.9993
0677,2,0657,0.9991
0677,3,0659,0.9988
0677,4,0477,0.9988
0677,5,0102,0.9988
0677,6,0672,0.9987
0677,7,0585,0.9985
0677,8,0717,0.9985
0677,9,0677,0.9985
0677,10,0770,0.9985
0296,1,0296,0.9997
0296,2,0368,0.9991
0296,3,0318,0.9990
0296,4,0380,0.9986
0296,5,0371,0.9985
0296,6,0369,0.9983
0296,7,0319,0.9979
0296,8,0420,0.9977
0296,9,0288,0.9977
0296,10,0300,0.9973
0273,1,0273,0.9998
0273,2,0281,0.9944
0273,3,0122,0.9915
0273,4,0065,0.9812
0273,5,0450,0.9802
0273,6,0066,0.9785
0273,7,0110,0.9758
0273,8,0009,0.9741
0273,9,0417,0.9731
0273,10,0042,0.9711
0545,1,0416,0.9979
0545,2,0446,0.9979
0545,3,0545,0.9977
0545,4,0546,0.9977
0545,5,0522,0.9976
0545,6,0074,0.9975
0545,7,0421,0.9970
0545,8,0566,0.9964
0545,9,0554,0.9963
0545,10,0113,0.9962
0247,1,0247,0.9985
0247,2,0096,0.9961
0247,3,0231,0.9961
0247,4,0461,0.9949
0247,5,0249,0.9946
0247,6,0476,0.9932
0247,7,0108,0.9929
0247,8,0262,0.9929
0247,9,0126,0.9925
0247,10,0173,0.9924
0249,1,0249,0.9986
0249,2,0096,0.9962
0249,3,0126,0.9947
0249,4,0151,0.9945
0249,5,0150,0.9940
0249,6,0262,0.9938
0249,7,0172,0.9938
0249,8,0461,0.9937
0249,9,0173,0.9937
0249,10,0446,0.9929
0144,1,0061,0.9983
0144,2,0144,0.9975
0144,3,0101,0.9924
0144,4,0646,0.9919
0144,5,0106,0.9914
0144,6,0582,0.9914
0144,7,0753,0.9908
0144,8,0593,0.9908
0144,9,0418,0.9906
0144,10,0770,0.9904
0392,1,0404,0.9963
0392,2,0392,0.9935
0392,3,0405,0.9901
0392,4,0142,0.9883
0392,5,0402,0.9835
0392,6,0174,0.9831
0392,7,0129,0.9831
0392,8,0151,0.9820
0392,9,0150,0.9819
0392,10,0126,0.9818
0326,1,0361,0.9994
0326,2,0326,0.9993
0326,3,0318,0.9992
0326,4,0380,0.9991
0326,5,0337,0.9989
0326,6,0371,0.9989
0326,7,0310,0.9988
0326,8,0296,0.9980
0326,9,0369,0.9980
0326,10,0315,0.9980
0417,1,0417,0.9997
0417,2,0110,0.9952
0417,3,0727,0.9947
0417,4,0753,0.9942
0417,5,0450,0.9941
0417,6,0585,0.9940
0417,7,0676,0.9934
0417,8,0598,0.9934
0417,9,0588,0.9933
0417,10,0668,0.9931
0581,1,0581,0.9975
0581,2,0612,0.9933
0581,3,0753,0.9927
0581,4,0582,0.9925
0581,5,0593,0.9923
0581,6,0598,0.9912
0581,7,0590,0.9909
0581,8,0101,0.9891
0581,9,0721,0.9880
0581,10,0711,0.9875
0281,1,0281,0.9998
0281,2,0273,0.9923
0281,3,0122,0.9917
0281,4,0009,0.9867
0281,5,0668,0.9854
0281,6,0450,0.9847
0281,7,0417,0.9837
0281,8,0625,0.9832
0281,9,0132,0.9827
0281,10,0110,0.9825
0606,1,0606,0.9988
0606,2,0602,0.9980
0606,3,0711,0.9979
0606,4,0582,0.9971
0606,5,0593,0.9970
0606,6,0721,0.9968
0606,7,0653,0.9967
0606,8,0770,0.9966
0606,9,0631,0.9964
0606,10,0677,0.9964
0402,1,0398,0.9977
0402,2,0402,0.9974
0402,3,0391,0.9969
0402,4,0405,0.9967
0402,5,0392,0.9963
0402,6,0142,0.9829
0402,7,0174,0.9823
0402,8,0143,0.9822
0402,9,0172,0.9796
0402,10,0404,0.9795
0672,1,0677,0.9991
0672,2,0770,0.9987
0672,3,0721,0.9982
0672,4,0602,0.9981
0672,5,0609,0.9981
0672,6,0653,0.9979
0672,7,0582,0.9979
0672,8,0606,0.9978
0672,9,0717,0.9977
0672,10,0586,0.9977
0315,1,0554,0.9990
0315,2,0546,0.9985
0315,3,0315,0.9985
0315,4,0541,0.9982
0315,5,0566,0.9976
0315,6,0545,0.9971
0315,7,0486,0.9969
0315,8,0543,0.9968
0315,9,0416,0.9965
0315,10,0515,0.9965
0166,1,0166,0.9967
0166,2,0151,0.9961
0166,3,0074,0.9960
0166,4,0104,0.9960
0166,5,0126,0.9955
0166,6,0262,0.9950
0166,7,0446,0.9939
0166,8,0298,0.9939
0166,9,0522,0.9938
0166,10,0129,0.9937
0322,1,0365,0.9993
0322,2,0322,0.9992
0322,3,0295,0.9988
0322,4,0385,0.9984
0322,5,0369,0.9978
0322,6,0373,0.9972
0322,7,0288,0.9971
0322,8,0421,0.9970
0322,9,0545,0.9967
0322,10,0522,0.9965
0727,1,0727,0.9957
0727,2,0110,0.9956
0727,3,0473,0.9932
0727,4,0742,0.9926
0727,5,0668,0.9923
0727,6,0625,0.9913
0727,7,0631,0.9912
0727,8,0417,0.9912
0727,9,0676,0.9909
0727,10,0663,0.9908
0002,1,0002,0.9989
0002,2,0515,0.9903
0002,3,0237,0.9896
0002,4,0299,0.9882
0002,5,0319,0.9880
0002,6,0344,0.9871
0002,7,0554,0.9870
0002,8,0546,0.9867
0002,9,0507,0.9865
0002,10,0315,0.9865
0182,1,0182,0.9981
0182,2,0196,0.9976
0182,3,0180,0.9973
0182,4,0197,0.9959
0182,5,0014,0.9954
0182,6,0179,0.9950
0182,7,0207,0.9942
0182,8,0038,0.9937
0182,9,0183,0.9927
0182,10,0205,0.9926
0132,1,0132,0.9982
0132,2,0113,0.9924
0132,3,0074,0.9909
0132,4,0543,0.9900
0132,5,0009,0.9898
0132,6,0668,0.9895
0132,7,0117,0.9888
0132,8,0130,0.9885
0132,9,0625,0.9867
0132,10,0699,0.9863
0685,1,0685,0.9982
0685,2,0602,0.9967
0685,3,0711,0.9964
0685,4,0721,0.9943
0685,5,0610,0.9940
0685,6,0593,0.9937
0685,7,0677,0.9930
0685,8,0770,0.9921
0685,9,0653,0.9917
0685,10,0586,0.9916
0005,1,0005,0.9987
0005,2,0006,0.9939
0005,3,0219,0.9915
0005,4,0027,0.9900
0005,5,0216,0.9889
0005,6,0192,0.9886
0005,7,0207,0.9867
0005,8,0174,0.9847
0005,9,0151,0.9846
0005,10,0150,0.9845
0494,1,0102,0.9991
0494,2,0657,0.9990
0494,3,0584,0.9990
0494,4,0609,0.9986
0494,5,0770,0.9985
0494,6,0615,0.9985
0494,7,0585,0.9984
0494,8,0480,0.9981
0494,9,0477,0.9980
0494,10,0659,0.9980
0173,1,0173,0.9978
0173,2,0298,0.9975
0173,3,0166,0.9973
0173,4,0086,0.9958
0173,5,0522,0.9957
0173,6,0172,0.9957
0173,7,0126,0.9953
0173,8,0262,0.9947
0173,9,0249,0.9942
0173,10,0456,0.9942
0063,1,0063,0.9994
0063,2,0630,0.9989
0063,3,0477,0.9988
0063,4,0660,0.9987
0063,5,0518,0.9987
0063,6,0467,0.9981
0063,7,0676,0.9978
0063,8,0625,0.9976
0063,9,0614,0.9976
0063,10,0699,0.9976
0365,1,0365,0.9989
0365,2,0288,0.9972
0365,3,0385,0.9971
0365,4,0322,0.9970
0365,5,0295,0.9968
0365,6,0106,0.9966
0365,7,0420,0.9965
0365,8,0373,0.9964
0365,9,0113,0.9964
0365,10,0545,0.9962
0486,1,0486,0.9992
0486,2,0543,0.9992
0486,3,0554,0.9988
0486,4,0541,0.9987
0486,5,0507,0.9976
0486,6,0546,0.9974
0486,7,0566,0.9961
0486,8,0614,0.9961
0486,9,0315,0.9959
0486,10,0130,0.9957
0774,1,0774,0.9951
0774,2,0110,0.9943
0774,3,0473,0.9942
0774,4,0597,0.9916
0774,5,0450,0.9910
0774,6,0042,0.9909
0774,7,0654,0.9903
0774,8,0631,0.9902
0774,9,0753,0.9899
0774,10,0588,0.9898
0477,1,0477,0.9994
0477,2,0657,0.9990
0477,3,0102,0.9988
0477,4,0518,0.9986
0477,5,0609,0.9985
0477,6,0584,0.9985
0477,7,0630,0.9985
0477,8,0585,0.9984
0477,9,0588,0.9983
0477,10,0659,0.9983
0653,1,0602,0.9991
0653,2,0653,0.9990
0653,3,0721,0.9988
0653,4,0711,0.9986
0653,5,0770,0.9982
0653,6,0593,0.9979
0653,7,0606,0.9975
0653,8,0677,0.9974
0653,9,0687,0.9974
0653,10,0685,0.9969
0663,1,0663,0.9984
0663,2,0742,0.9974
0663,3,0727,0.9973
0663,4,0590,0.9970
0663,5,0582,0.9967
0663,6,0753,0.9965
0663,7,0609,0.9959
0663,8,0598,0.9956
0663,9,0585,0.9954
0663,10,0668,0.9953
0231,1,0231,0.9988
0231,2,0096,0.9975
0231,3,0106,0.9974
0231,4,0461,0.9970
0231,5,0108,0.9970
0231,6,0104,0.9968
0231,7,0480,0.9965
0231,8,0476,0.9965
0231,9,0510,0.9961
0231,10,0262,0.9952
0177,1,0177,0.9989
0177,2,0218,0.9892
0177,3,0581,0.9335
0177,4,0721,0.9323
0177,5,0610,0.9287
0177,6,0593,0.9281
0177,7,0300,0.9272
0177,8,0586,0.9267
0177,9,0612,0.9261
0177,10,0653,0.9253
0485,1,0485,0.9990
0485,2,0482,0.9963
0485,3,0009,0.9934
0485,4,0486,0.9932
0485,5,0699,0.9929
0485,6,0543,0.9924
0485,7,0614,0.9917
0485,8,0118,0.9917
0485,9,0676,0.9916
0485,10,0130,0.9908
0106,1,0646,0.9981
0106,2,0061,0.9962
0106,3,0770,0.9960
0106,4,0144,0.9958
0106,5,0606,0.9954
0106,6,0593,0.9954
0106,7,0602,0.9948
0106,8,0712,0.9948
0106,9,0480,0.9944
0106,10,0582,0.9941
0192,1,0192,0.9969
0192,2,0027,0.9924
0192,3,0014,0.9923
0192,4,0179,0.9908
0192,5,0182,0.9900
0192,6,0196,0.9886
0192,7,0207,0.9866
0192,8,0418,0.9864
0192,9,0006,0.9855
0192,10,0038,0.9849
0151,1,0151,0.9984
0151,2,0150,0.9965
0151,3,0129,0.9959
0151,4,0126,0.9958
0151,5,0262,0.9934
0151,6,0074,0.9933
0151,7,0104,0.9916
0151,8,0096,0.9913
0151,9,0174,0.9911
0151,10,0249,0.9911
0074,1,0074,0.9991
0074,2,0117,0.9961
0074,3,0113,0.9957
0074,4,0132,0.9955
0074,5,0151,0.9951
0074,6,0416,0.9948
0074,7,0566,0.9932
0074,8,0262,0.9928
0074,9,0461,0.9928
0074,10,0150,0.9928
0609,1,0646,0.9982
0609,2,0609,0.9978
0609,3,0770,0.9978
0609,4,0663,0.9975
0609,5,0590,0.9973
0609,6,0712,0.9973
0609,7,0582,0.9973
0609,8,0584,0.9969
0609,9,0593,0.9969
0609,10,0742,0.9969
0035,1,0035,0.9993
0035,2,0038,0.9955
0035,3,0197,0.9942
0035,4,0205,0.9921
0035,5,0188,0.9918
0035,6,0180,0.9902
0035,7,0179,0.9899
0035,8,0183,0.9895
0035,9,0207,0.9872
0035,10,0014,0.9863
0515,1,0546,0.9978
0515,2,0507,0.9966
0515,3,0489,0.9962
0515,4,0446,0.9962
0515,5,0545,0.9959
0515,6,0130,0.9959
0515,7,0515,0.9959
0515,8,0554,0.9957
0515,9,0486,0.9957
0515,10,0421,0.9957
0659,1,0598,0.9995
0659,2,0590,0.9992
0659,3,0585,0.9992
0659,4,0717,0.9991
0659,5,0753,0.9990
0659,6,0742,0.9988
0659,7,0609,0.9988
0659,8,0612,0.9986
0659,9,0677,0.9984
0659,10,0582,0.9984
0306,1,0306,0.9968
0306,2,0294,0.9958
0306,3,0296,0.9951
0306,4,0300,0.9945
0306,5,0326,0.9937
0306,6,0371,0.9935
0306,7,0318,0.9930
0306,8,0319,0.9927
0306,9,0337,0.9922
0306,10,0380,0.9918
0108,1,0108,0.9993
0108,2,0461,0.9969
0108,3,0104,0.9966
0108,4,0074,0.9964
0108,5,0231,0.9963
0108,6,0113,0.9961
0108,7,0096,0.9961
0108,8,0660,0.9959
0108,9,0106,0.9957
0108,10,0446,0.9957
0391,1,0391,0.9991
0391,2,0398,0.9977
0391,3,0392,0.9911
0391,4,0405,0.9910
0391,5,0402,0.9903
0391,6,0404,0.9748
0391,7,0174,0.9723
0391,8,0142,0.9708
0391,9,0143,0.9693
0391,10,0172,0.9668
0489,1,0489,0.9990
0489,2,0698,0.9988
0489,3,0446,0.9971
0489,4,0494,0.9969
0489,5,0569,0.9969
0489,6,0660,0.9965
0489,7,0421,0.9964
0489,8,0768,0.9963
0489,9,0108,0.9963
0489,10,0566,0.9963
0461,1,0461,0.9992
0461,2,0096,0.9981
0461,3,0262,0.9974
0461,4,0249,0.9970
0461,5,0106,0.9965
0461,6,0231,0.9964
0461,7,0151,0.9962
0461,8,0108,0.9961
0461,9,0074,0.9959
0461,10,0126,0.9958
0240,1,0240,0.9990
0240,2,0241,0.9966
0240,3,0086,0.9964
0240,4,0173,0.9952
0240,5,0332,0.9942
0240,6,0298,0.9942
0240,7,0456,0.9933
0240,8,0247,0.9931
0240,9,0299,0.9929
0240,10,0135,0.9929
0216,1,0216,0.9983
0216,2,0006,0.9934
0216,3,0027,0.9919
0216,4,0005,0.9881
0216,5,0219,0.9879
0216,6,0192,0.9877
0216,7,0135,0.9857
0216,8,0151,0.9854
0216,9,0150,0.9843
0216,10,0174,0.9838
0038,1,0038,0.9989
0038,2,0183,0.9979
0038,3,0179,0.9976
0038,4,0207,0.9974
0038,5,0196,0.9950
0038,6,0014,0.9947
0038,7,0219,0.9941
0038,8,0182,0.9935
0038,9,0180,0.9921
0038,10,0035,0.9921
0598,1,0582,0.9995
0598,2,0598,0.9992
0598,3,0753,0.9989
0598,4,0612,0.9986
0598,5,0593,0.9983
0598,6,0590,0.9982
0598,7,0585,0.9980
0598,8,0770,0.9976
0598,9,0606,0.9973
0598,10,0615,0.9972
0482,1,0482,0.9995
0482,2,0485,0.9977
0482,3,0486,0.9966
0482,4,0507,0.9951
0482,5,0541,0.9944
0482,6,0543,0.9939
0482,7,0614,0.9929
0482,8,0554,0.9926
0482,9,0515,0.9925
0482,10,0009,0.9919
0662,1,0772,0.9983
0662,2,0662,0.9981
0662,3,0672,0.9965
0662,4,0773,0.9963
0662,5,0659,0.9955
0662,6,0623,0.9953
0662,7,0624,0.9951
0662,8,0687,0.9950
0662,9,0518,0.9950
0662,10,0653,0.9950
0696,1,0696,0.9982
0696,2,0625,0.9968
0696,3,0518,0.9967
0696,4,0102,0.9965
0696,5,0727,0.9963
0696,6,0630,0.9962
0696,7,0742,0.9960
0696,8,0668,0.9959
0696,9,0609,0.9953
0696,10,0585,0.9953
0473,1,0473,0.9983
0473,2,0631,0.9974
0473,3,0582,0.9961
0473,4,0711,0.9936
0473,5,0677,0.9935
0473,6,0598,0.9933
0473,7,0753,0.9932
0473,8,0742,0.9928
0473,9,0727,0.9925
0473,10,0110,0.9925
0593,1,0593,0.9982
0593,2,0602,0.9973
0593,3,0711,0.9971
0593,4,0582,0.9971
0593,5,0770,0.9962
0593,6,0606,0.9959
0593,7,0721,0.9957
0593,8,0612,0.9955
0593,9,0677,0.9947
0593,10,0685,0.9944
0197,1,0188,0.9977
0197,2,0197,0.9976
0197,3,0205,0.9969
0197,4,0035,0.9916
0197,5,0180,0.9911
0197,6,0038,0.9884
0197,7,0179,0.9858
0197,8,0014,0.9847
0197,9,0030,0.9841
0197,10,0182,0.9834
0162,1,0162,0.9984
0162,2,0588,0.9973
0162,3,0753,0.9969
0162,4,0590,0.9968
0162,5,0717,0.9966
0162,6,0598,0.9963
0162,7,0654,0.9962
0162,8,0585,0.9960
0162,9,0609,0.9960
0162,10,0742,0.9957
0405,1,0398,0.9986
0405,2,0405,0.9979
0405,3,0392,0.9973
0405,4,0402,0.9970
0405,5,0391,0.9967
0405,6,0174,0.9854
0405,7,0142,0.9844
0405,8,0404,0.9839
0405,9,0143,0.9833
0405,10,0172,0.9820
0699,1,0699,0.9988
0699,2,0660,0.9979
0699,3,0768,0.9969
0699,4,0108,0.9968
0699,5,0761,0.9966
0699,6,0063,0.9964
0699,7,0614,0.9958
0699,8,0467,0.9956
0699,9,0625,0.9956
0699,10,0130,0.9953
0585,1,0727,0.9975
0585,2,0582,0.9973
0585,3,0742,0.9973
0585,4,0668,0.9972
0585,5,0753,0.9971
0585,6,0585,0.9967
0585,7,0663,0.9964
0585,8,0615,0.9961
0585,9,0590,0.9960
0585,10,0598,0.9959
0446,1,0446,0.9985
0446,2,0461,0.9983
0446,3,0231,0.9982
0446,4,0104,0.9976
0446,5,0096,0.9974
0446,6,0262,0.9971
0446,7,0522,0.9970
0446,8,0510,0.9970
0446,9,0074,0.9969
0446,10,0106,0.9968
0687,1,0582,0.9987
0687,2,0753,0.9977
0687,3,0598,0.9966
0687,4,0590,0.9963
0687,5,0612,0.9958
0687,6,0606,0.9956
0687,7,0742,0.9955
0687,8,0593,0.9953
0687,9,0631,0.9952
0687,10,0585,0.9952
0150,1,0150,0.9996
0150,2,0126,0.9979
0150,3,0151,0.9974
0150,4,0129,0.9965
0150,5,0262,0.9955
0150,6,0096,0.9929
0150,7,0461,0.9924
0150,8,0135,0.9921
0150,9,0249,0.9920
0150,10,0231,0.9909
0602,1,0602,0.9994
0602,2,0711,0.9991
0602,3,0593,0.9981
0602,4,0606,0.9975
0602,5,0770,0.9975
0602,6,0582,0.9974
0602,7,0685,0.9973
0602,8,0721,0.9973
0602,9,0677,0.9972
0602,10,0631,0.9968
0771,1,0771,0.9977
0771,2,0662,0.9939
0771,3,0652,0.9918
0771,4,0772,0.9913
0771,5,0720,0.9909
0771,6,0597,0.9901
0771,7,0294,0.9900
0771,8,0623,0.9895
0771,9,0576,0.9891
0771,10,0773,0.9889
0480,1,0646,0.9983
0480,2,0770,0.9962
0480,3,0602,0.9958
0480,4,0712,0.9953
0480,5,0480,0.9951
0480,6,0593,0.9949
0480,7,0642,0.9947
0480,8,0606,0.9945
0480,9,0061,0.9944
0480,10,0144,0.9937
0172,1,0172,0.9987
0172,2,0174,0.9970
0172,3,0142,0.9950
0172,4,0135,0.9944
0172,5,0151,0.9944
0172,6,0143,0.9939
0172,7,0150,0.9928
0172,8,0145,0.9928
0172,9,0166,0.9926
0172,10,0126,0.9925
0179,1,0179,0.9984
0179,2,0038,0.9969
0179,3,0014,0.9964
0179,4,0205,0.9936
0179,5,0197,0.9926
0179,6,0182,0.9925
0179,7,0035,0.9923
0179,8,0196,0.9919
0179,9,0180,0.9917
0179,10,0207,0.9912
0570,1,0327,0.9913
0570,2,0570,0.9886
0570,3,0337,0.9879
0570,4,0237,0.9878
0570,5,0299,0.9871
0570,6,0456,0.9859
0570,7,0489,0.9843
0570,8,0326,0.9840
0570,9,0344,0.9835
0570,10,0332,0.9834
0631,1,0631,0.9989
0631,2,0582,0.9981
0631,3,0711,0.9966
0631,4,0606,0.9964
0631,5,0473,0.9964
0631,6,0602,0.9962
0631,7,0677,0.9961
0631,8,0742,0.9959
0631,9,0770,0.9952
0631,10,0727,0.9951
0753,1,0753,0.9994
0753,2,0590,0.9980
0753,3,0582,0.9980
0753,4,0598,0.9978
0753,5,0612,0.9969
0753,6,0585,0.9967
0753,7,0742,0.9966
0753,8,0101,0.9964
0753,9,0663,0.9962
0753,10,0727,0.9958
0310,1,0315,0.9976
0310,2,0385,0.9974
0310,3,0322,0.9971
0310,4,0310,0.9970
0310,5,0365,0.9970
0310,6,0545,0.9968
0310,7,0368,0.9963
0310,8,0134,0.9960
0310,9,0318,0.9959
0310,10,0554,0.9959
0729,1,0729,0.9953
0729,2,0775,0.9883
0729,3,0685,0.9830
0729,4,0610,0.9790
0729,5,0711,0.9736
0729,6,0774,0.9725
0729,7,0090,0.9720
0729,8,0602,0.9716
0729,9,0597,0.9694
0729,10,0677,0.9686
0262,1,0151,0.9988
0262,2,0262,0.9986
0262,3,0126,0.9986
0262,4,0150,0.9978
0262,5,0129,0.9978
0262,6,0461,0.9953
0262,7,0096,0.9951
0262,8,0166,0.9947
0262,9,0231,0.9941
0262,10,0249,0.9941
0711,1,0711,0.9988
0711,2,0602,0.9985
0711,3,0685,0.9974
0711,4,0593,0.9966
0711,5,0606,0.9964
0711,6,0677,0.9962
0711,7,0770,0.9956
0711,8,0582,0.9954
0711,9,0721,0.9953
0711,10,0631,0.9948
0615,1,0615,0.9986
0615,2,0582,0.9977
0615,3,0585,0.9977
0615,4,0742,0.9974
0615,5,0102,0.9973
0615,6,0609,0.9973
0615,7,0753,0.9972
0615,8,0770,0.9971
0615,9,0606,0.9971
0615,10,0598,0.9971
0546,1,0546,0.9982
0546,2,0554,0.9976
0546,3,0074,0.9976
0546,4,0113,0.9972
0546,5,0543,0.9972
0546,6,0566,0.9969
0546,7,0416,0.9969
0546,8,0446,0.9964
0546,9,0421,0.9962
0546,10,0522,0.9960
0597,1,0597,0.9994
0597,2,0090,0.9974
0597,3,0610,0.9949
0597,4,0653,0.9940
0597,5,0652,0.9940
0597,6,0162,0.9938
0597,7,0624,0.9936
0597,8,0654,0.9936
0597,9,0687,0.9932
0597,10,0774,0.9931
0134,1,0134,0.9998
0134,2,0385,0.9957
0134,3,0421,0.9950
0134,4,0322,0.9949
0134,5,0315,0.9939
0134,6,0522,0.9938
0134,7,0545,0.9934
0134,8,0310,0.9932
0134,9,0554,0.9932
0134,10,0365,0.9931
0188,1,0188,0.9987
0188,2,0205,0.9966
0188,3,0197,0.9924
0188,4,0035,0.9921
0188,5,0038,0.9867
0188,6,0030,0.9858
0188,7,0180,0.9855
0188,8,0179,0.9847
0188,9,0014,0.9829
0188,10,0182,0.9781
0196,1,0197,0.9979
0196,2,0180,0.9952
0196,3,0038,0.9950
0196,4,0196,0.9937
0196,5,0183,0.9936
0196,6,0205,0.9928
0196,7,0035,0.9927
0196,8,0207,0.9922
0196,9,0179,0.9921
0196,10,0182,0.9920
0327,1,0327,0.9990
0327,2,0237,0.9950
0327,3,0344,0.9947
0327,4,0332,0.9943
0327,5,0337,0.9939
0327,6,0299,0.9938
0327,7,0361,0.9918
0327,8,0310,0.9914
0327,9,0086,0.9912
0327,10,0545,0.9911
0318,1,0365,0.9983
0318,2,0288,0.9979
0318,3,0368,0.9976
0318,4,0322,0.9976
0318,5,0420,0.9974
0318,6,0295,0.9974
0318,7,0385,0.9970
0318,8,0369,0.9968
0318,9,0318,0.9967
0318,10,0315,0.9965
0373,1,0373,0.9991
0373,2,0510,0.9974
0373,3,0365,0.9967
0373,4,0106,0.9961
0373,5,0480,0.9958
0373,6,0105,0.9955
0373,7,0231,0.9949
0373,8,0295,0.9949
0373,9,0494,0.9946
0373,10,0104,0.9944
0634,1,0770,0.9988
0634,2,0602,0.9988
0634,3,0677,0.9987
0634,4,0711,0.9986
0634,5,0593,0.9984
0634,6,0653,0.9983
0634,7,0606,0.9983
0634,8,0582,0.9982
0634,9,0609,0.9982
0634,10,0615,0.9980
0110,1,0110,0.9980
0110,2,0473,0.9954
0110,3,0727,0.9946
0110,4,0753,0.9936
0110,5,0742,0.9930
0110,6,0582,0.9924
0110,7,0417,0.9922
0110,8,0590,0.9918
0110,9,0631,0.9917
0110,10,0668,0.9916
0319,1,0319,0.9990
0319,2,0368,0.9986
0319,3,0315,0.9980
0319,4,0318,0.9974
0319,5,0554,0.9972
0319,6,0371,0.9968
0319,7,0361,0.9968
0319,8,0541,0.9966
0319,9,0380,0.9966
0319,10,0296,0.9965
0006,1,0027,0.9986
0006,2,0006,0.9975
0006,3,0192,0.9924
0006,4,0219,0.9918
0006,5,0207,0.9897
0006,6,0404,0.9890
0006,7,0151,0.9878
0006,8,0216,0.9877
0006,9,0150,0.9874
0006,10,0183,0.9869
0086,1,0086,0.9993
0086,2,0262,0.9977
0086,3,0298,0.9975
0086,4,0522,0.9973
0086,5,0173,0.9969
0086,6,0421,0.9962
0086,7,0446,0.9959
0086,8,0166,0.9956
0086,9,0126,0.9956
0086,10,0416,0.9950
0427,1,0623,0.9971
0427,2,0773,0.9970
0427,3,0494,0.9965
0427,4,0672,0.9963
0427,5,0624,0.9963
0427,6,0662,0.9960
0427,7,0772,0.9960
0427,8,0659,0.9960
0427,9,0480,0.9959
0427,10,0569,0.9958
0612,1,0581,0.9987
0612,2,0612,0.9981
0612,3,0582,0.9976
0612,4,0753,0.9974
0612,5,0593,0.9971
0612,6,0598,0.9969
0612,7,0590,0.9960
0612,8,0770,0.9944
0612,9,0721,0.9944
0612,10,0711,0.9942
0122,1,0122,0.9988
0122,2,0273,0.9946
0122,3,0281,0.9921
0122,4,0110,0.9773
0122,5,0450,0.9750
0122,6,0668,0.9723
0122,7,0009,0.9721
0122,8,0065,0.9715
0122,9,0625,0.9711
0122,10,0417,0.9709
0113,1,0113,0.9992
0113,2,0074,0.9981
0113,3,0132,0.9978
0113,4,0117,0.9958
0113,5,0543,0.9957
0113,6,0104,0.9954
0113,7,0416,0.9949
0113,8,0130,0.9946
0113,9,0668,0.9945
0113,10,0446,0.9941
0135,1,0135,0.9995
0135,2,0151,0.9949
0135,3,0174,0.9949
0135,4,0298,0.9943
0135,5,0172,0.9942
0135,6,0126,0.9939
0135,7,0143,0.9938
0135,8,0142,0.9936
0135,9,0150,0.9935
0135,10,0129,0.9932
0009,1,0668,0.9980
0009,2,0009,0.9971
0009,3,0676,0.9970
0009,4,0625,0.9968
0009,5,0663,0.9958
0009,6,0588,0.9958
0009,7,0699,0.9955
0009,8,0727,0.9955
0009,9,0110,0.9948
0009,10,0102,0.9946
0027,1,0027,0.9983
0027,2,0192,0.9955
0027,3,0207,0.9941
0027,4,0014,0.9933
0027,5,0219,0.9931
0027,6,0006,0.9925
0027,7,0179,0.9925
0027,8,0182,0.9925
0027,9,0196,0.9919
0027,10,0183,0.9909
0554,1,0554,0.9984
0554,2,0543,0.9982
0554,3,0541,0.9974
0554,4,0113,0.9973
0554,5,0132,0.9970
0554,6,0566,0.9966
0554,7,0546,0.9964
0554,8,0074,0.9962
0554,9,0486,0.9960
0554,10,0117,0.9958
0584,1,0584,0.9993
0584,2,0102,0.9990
0584,3,0609,0.9984
0584,4,0657,0.9982
0584,5,0663,0.9980
0584,6,0615,0.9978
0584,7,0477,0.9977
0584,8,0668,0.9976
0584,9,0585,0.9976
0584,10,0742,0.9975
0630,1,0102,0.9989
0630,2,0609,0.9986
0630,3,0615,0.9980
0630,4,0657,0.9980
0630,5,0584,0.9979
0630,6,0770,0.9978
0630,7,0585,0.9976
0630,8,0477,0.9974
0630,9,0646,0.9974
0630,10,0480,0.9973
0404,1,0404,0.9988
0404,2,0392,0.9896
0404,3,0405,0.9873
0404,4,0006,0.9802
0404,5,0129,0.9796
0404,6,0402,0.9794
0404,7,0142,0.9788
0404,8,0174,0.9784
0404,9,0150,0.9783
0404,10,0027,0.9783
0646,1,0646,0.9986
0646,2,0602,0.9970
0646,3,0712,0.9958
0646,4,0770,0.9955
0646,5,0606,0.9955
0646,6,0593,0.9949
0646,7,0711,0.9945
0646,8,0582,0.9938
0646,9,0642,0.9937
0646,10,0677,0.9937
0416,1,0074,0.9991
0416,2,0117,0.9974
0416,3,0416,0.9969
0416,4,0151,0.9967
0416,5,0113,0.9966
0416,6,0461,0.9960
0416,7,0262,0.9959
0416,8,0446,0.9952
0416,9,0150,0.9948
0416,10,0566,0.9947
0126,1,0126,0.9992
0126,2,0151,0.9985
0126,3,0129,0.9979
0126,4,0150,0.9977
0126,5,0262,0.9974
0126,6,0104,0.9953
0126,7,0231,0.9948
0126,8,0461,0.9945
0126,9,0096,0.9940
0126,10,0074,0.9940
0421,1,0446,0.9990
0421,2,0522,0.9985
0421,3,0421,0.9983
0421,4,0231,0.9980
0421,5,0416,0.9977
0421,6,0461,0.9977
0421,7,0262,0.9972
0421,8,0074,0.9972
0421,9,0546,0.9968
0421,10,0566,0.9968
0642,1,0646,0.9981
0642,2,0602,0.9969
0642,3,0712,0.9964
0642,4,0642,0.9958
0642,5,0770,0.9956
0642,6,0606,0.9948
0642,7,0593,0.9939
0642,8,0677,0.9937
0642,9,0711,0.9933
0642,10,0480,0.9932
0566,1,0416,0.9984
0566,2,0566,0.9982
0566,3,0522,0.9973
0566,4,0446,0.9972
0566,5,0421,0.9967
0566,6,0074,0.9966
0566,7,0262,0.9963
0566,8,0117,0.9962
0566,9,0173,0.9961
0566,10,0546,0.9958
0623,1,0623,0.9989
0623,2,0576,0.9980
0623,3,0662,0.9979
0623,4,0672,0.9979
0623,5,0467,0.9977
0623,6,0772,0.9973
0623,7,0477,0.9971
0623,8,0518,0.9968
0623,9,0660,0.9967
0623,10,0659,0.9966
0776,1,0622,0.9953
0776,2,0776,0.9942
0776,3,0105,0.9916
0776,4,0427,0.9909
0776,5,0772,0.9908
0776,6,0696,0.9903
0776,7,0624,0.9898
0776,8,0662,0.9892
0776,9,0773,0.9886
0776,10,0518,0.9881
0066,1,0066,0.9998
0066,2,0065,0.9909
0066,3,0273,0.9789
0066,4,0122,0.9622
0066,5,0281,0.9603
0066,6,0450,0.9576
0066,7,0110,0.9533
0066,8,0042,0.9532
0066,9,0417,0.9505
0066,10,0485,0.9479
0118,1,0118,0.9996
0118,2,0482,0.9900
0118,3,0485,0.9896
0118,4,0130,0.9888
0118,5,0486,0.9885
0118,6,0543,0.9869
0118,7,0554,0.9857
0118,8,0541,0.9856
0118,9,0507,0.9852
0118,10,0699,0.9851
0717,1,0582,0.9987
0717,2,0593,0.9976
0717,3,0753,0.9967
0717,4,0612,0.9966
0717,5,0598,0.9963
0717,6,0711,0.9963
0717,7,0770,0.9962
0717,8,0602,0.9961
0717,9,0590,0.9961
0717,10,0606,0.9960
0418,1,0418,0.9980
0418,2,0129,0.9960
0418,3,0150,0.9934
0418,4,0262,0.9931
0418,5,0151,0.9924
0418,6,0144,0.9922
0418,7,0126,0.9920
0418,8,0106,0.9916
0418,9,0461,0.9912
0418,10,0096,0.9893
0218,1,0218,0.9908
0218,2,0177,0.9870
0218,3,0300,0.9354
0218,4,0296,0.9280
0218,5,0295,0.9235
0218,6,0369,0.9234
0218,7,0294,0.9221
0218,8,0306,0.9213
0218,9,0326,0.9205
0218,10,0318,0.9205
0398,1,0398,0.9987
0398,2,0391,0.9964
0398,3,0405,0.9960
0398,4,0392,0.9959
0398,5,0402,0.9938
0398,6,0404,0.9848
0398,7,0174,0.9835
0398,8,0142,0.9817
0398,9,0143,0.9808
0398,10,0172,0.9783
0761,1,0727,0.9988
0761,2,0742,0.9979
0761,3,0473,0.9973
0761,4,0654,0.9972
0761,5,0585,0.9971
0761,6,0631,0.9969
0761,7,0634,0.9969
0761,8,0677,0.9967
0761,9,0609,0.9965
0761,10,0663,0.9963
0030,1,0192,0.9829
0030,2,0418,0.9802
0030,3,0216,0.9800
0030,4,0027,0.9800
0030,5,0247,0.9792
0030,6,0461,0.9773
0030,7,0262,0.9763
0030,8,0231,0.9756
0030,9,0014,0.9751
0030,10,0096,0.9750
0510,1,0106,0.9989
0510,2,0510,0.9988
0510,3,0231,0.9981
0510,4,0104,0.9979
0510,5,0461,0.9975
0510,6,0262,0.9970
0510,7,0096,0.9968
0510,8,0480,0.9966
0510,9,0446,0.9962
0510,10,0113,0.9961
0183,1,0183,0.9988
0183,2,0038,0.9975
0183,3,0207,0.9973
0183,4,0179,0.9953
0183,5,0196,0.9949
0183,6,0197,0.9938
0183,7,0219,0.9930
0183,8,0182,0.9930
0183,9,0180,0.9928
0183,10,0014,0.9920
0117,1,0117,0.9988
0117,2,0129,0.9970
0117,3,0151,0.9960
0117,4,0262,0.9955
0117,5,0074,0.9949
0117,6,0150,0.9945
0117,7,0126,0.9938
0117,8,0416,0.9937
0117,9,0113,0.9931
0117,10,0132,0.9927
0219,1,0219,0.9987
0219,2,0207,0.9984
0219,3,0183,0.9972
0219,4,0179,0.9956
0219,5,0038,0.9952
0219,6,0196,0.9945
0219,7,0192,0.9939
0219,8,0182,0.9936
0219,9,0014,0.9935
0219,10,0027,0.9922
0101,1,0101,0.9994
0101,2,0590,0.9972
0101,3,0753,0.9970
0101,4,0584,0.9966
0101,5,0663,0.9960
0101,6,0668,0.9959
0101,7,0588,0.9958
0101,8,0598,0.9958
0101,9,0102,0.9953
0101,10,0612,0.9948
0207,1,0038,0.9987
0207,2,0207,0.9976
0207,3,0183,0.9976
0207,4,0179,0.9972
0207,5,0197,0.9961
0207,6,0180,0.9957
0207,7,0014,0.9953
0207,8,0035,0.9947
0207,9,0196,0.9946
0207,10,0182,0.9942
0130,1,0130,0.9998
0130,2,0699,0.9952
0130,3,0074,0.9948
0130,4,0009,0.9947
0130,5,0614,0.9945
0130,6,0543,0.9944
0130,7,0660,0.9940
0130,8,0486,0.9939
0130,9,0063,0.9935
0130,10,0554,0.9933
0614,1,0614,0.9987
0614,2,0660,0.9984
0614,3,0477,0.9983
0614,4,0698,0.9983
0614,5,0063,0.9979
0614,6,0630,0.9977
0614,7,0657,0.9974
0614,8,0494,0.9974
0614,9,0584,0.9974
0614,10,0102,0.9974
0420,1,0420,0.9988
0420,2,0624,0.9971
0420,3,0368,0.9959
0420,4,0569,0.9957
0420,5,0614,0.9957
0420,6,0543,0.9955
0420,7,0541,0.9951
0420,8,0102,0.9948
0420,9,0630,0.9947
0420,10,0588,0.9946
0770,1,0582,0.9991
0770,2,0770,0.9987
0770,3,0606,0.9984
0770,4,0677,0.9983
0770,5,0609,0.9982
0770,6,0598,0.9980
0770,7,0585,0.9980
0770,8,0742,0.9979
0770,9,0593,0.9979
0770,10,0590,0.9977
0344,1,0344,0.9984
0344,2,0332,0.9975
0344,3,0361,0.9965
0344,4,0315,0.9965
0344,5,0310,0.9964
0344,6,0385,0.9960
0344,7,0299,0.9959
0344,8,0545,0.9957
0344,9,0322,0.9957
0344,10,0421,0.9956
0104,1,0104,0.9996
0104,2,0510,0.9965
0104,3,0231,0.9961
0104,4,0126,0.9955
0104,5,0106,0.9954
0104,6,0096,0.9954
0104,7,0105,0.9951
0104,8,0113,0.9948
0104,9,0461,0.9946
0104,10,0262,0.9946
0294,1,0294,0.9980
0294,2,0306,0.9978
0294,3,0296,0.9954
0294,4,0773,0.9943
0294,5,0371,0.9941
0294,6,0624,0.9937
0294,7,0720,0.9935
0294,8,0420,0.9933
0294,9,0368,0.9932
0294,10,0569,0.9930
0042,1,0042,0.9996
0042,2,0774,0.9945
0042,3,0450,0.9943
0042,4,0110,0.9938
0042,5,0090,0.9936
0042,6,0473,0.9931
0042,7,0597,0.9925
0042,8,0654,0.9918
0042,9,0727,0.9913
0042,10,0634,0.9910
0652,1,0654,0.9992
0652,2,0634,0.9985
0652,3,0652,0.9985
0652,4,0630,0.9983
0652,5,0717,0.9978
0652,6,0597,0.9977
0652,7,0585,0.9977
0652,8,0090,0.9974
0652,9,0742,0.9974
0652,10,0659,0.9973
0712,1,0582,0.9969
0712,2,0712,0.9969
0712,3,0646,0.9966
0712,4,0770,0.9963
0712,5,0593,0.9961
0712,6,0677,0.9960
0712,7,0602,0.9958
0712,8,0663,0.9956
0712,9,0590,0.9955
0712,10,0609,0.9950
0773,1,0773,0.9988
0773,2,0772,0.9946
0773,3,0687,0.9928
0773,4,0662,0.9927
0773,5,0623,0.9924
0773,6,0610,0.9924
0773,7,0672,0.9922
0773,8,0659,0.9920
0773,9,0480,0.9915
0773,10,0624,0.9915
0772,1,0687,0.9965
0772,2,0772,0.9963
0772,3,0653,0.9960
0772,4,0634,0.9957
0772,5,0615,0.9953
0772,6,0672,0.9951
0772,7,0659,0.9949
0772,8,0606,0.9949
0772,9,0624,0.9948
0772,10,0662,0.9947
0721,1,0593,0.9979
0721,2,0721,0.9979
0721,3,0582,0.9971
0721,4,0711,0.9970
0721,5,0612,0.9966
0721,6,0581,0.9966
0721,7,0602,0.9965
0721,8,0598,0.9961
0721,9,0770,0.9959
0721,10,0685,0.9958
0388,1,0388,0.9982
0388,2,0306,0.9929
0388,3,0482,0.9923
0388,4,0485,0.9903
0388,5,0319,0.9902
0388,6,0368,0.9884
0388,7,0420,0.9884
0388,8,0486,0.9879
0388,9,0294,0.9877
0388,10,0614,0.9863
0590,1,0590,0.9981
0590,2,0582,0.9980
0590,3,0753,0.9972
0590,4,0593,0.9969
0590,5,0663,0.9969
0590,6,0598,0.9966
0590,7,0770,0.9964
0590,8,0609,0.9962
0590,9,0742,0.9962
0590,10,0612,0.9961
0357,1,0371,0.9971
0357,2,0296,0.9967
0357,3,0368,0.9966
0357,4,0310,0.9966
0357,5,0420,0.9966
0357,6,0319,0.9963
0357,7,0318,0.9962
0357,8,0357,0.9962
0357,9,0361,0.9961
0357,10,0315,0.9961
0371,1,0420,0.9981
0371,2,0368,0.9970
0371,3,0569,0.9970
0371,4,0288,0.9970
0371,5,0296,0.9969
0371,6,0371,0.9961
0371,7,0295,0.9960
0371,8,0369,0.9958
0371,9,0365,0.9956
0371,10,0318,0.9954
0698,1,0672,0.9983
0698,2,0642,0.9977
0698,3,0480,0.9976
0698,4,0659,0.9974
0698,5,0477,0.9974
0698,6,0623,0.9973
0698,7,0576,0.9973
0698,8,0586,0.9969
0698,9,0494,0.9969
0698,10,0657,0.9968
0061,1,0061,0.9993
0061,2,0144,0.9957
0061,3,0582,0.9948
0061,4,0753,0.9939
0061,5,0615,0.9932
0061,6,0593,0.9931
0061,7,0770,0.9931
0061,8,0612,0.9930
0061,9,0598,0.9929
0061,10,0101,0.9929
0456,1,0522,0.9980
0456,2,0298,0.9979
0456,3,0086,0.9977
0456,4,0173,0.9975
0456,5,0416,0.9971
0456,6,0446,0.9968
0456,7,0421,0.9968
0456,8,0456,0.9966
0456,9,0262,0.9962
0456,10,0545,0.9959
0105,1,0105,0.9993
0105,2,0480,0.9951
0105,3,0476,0.9946
0105,4,0696,0.9946
0105,5,0104,0.9946
0105,6,0102,0.9942
0105,7,0510,0.9939
0105,8,0776,0.9939
0105,9,0518,0.9935
0105,10,0106,0.9934
0090,1,0090,0.9989
0090,2,0597,0.9981
0090,3,0042,0.9962
0090,4,0774,0.9961
0090,5,0634,0.9947
0090,6,0654,0.9947
0090,7,0631,0.9942
0090,8,0652,0.9940
0090,9,0653,0.9937
0090,10,0473,0.9935
0450,1,0450,0.9983
0450,2,0417,0.9948
0450,3,0009,0.9947
0450,4,0110,0.9941
0450,5,0676,0.9935
0450,6,0625,0.9918
0450,7,0485,0.9910
0450,8,0668,0.9909
0450,9,0588,0.9905
0450,10,0630,0.9898
0622,1,0696,0.9975
0622,2,0622,0.9971
0622,3,0625,0.9948
0622,4,0009,0.9947
0622,5,0630,0.9939
0622,6,0518,0.9937
0622,7,0063,0.9931
0622,8,0102,0.9926
0622,9,0634,0.9921
0622,10,0614,0.9919
0237,1,0237,0.9968
0237,2,0166,0.9940
0237,3,0546,0.9934
0237,4,0173,0.9933
0237,5,0298,0.9932
0237,6,0172,0.9930
0237,7,0522,0.9929
0237,8,0446,0.9916
0237,9,0421,0.9914
0237,10,0416,0.9910
0129,1,0129,0.9984
0129,2,0151,0.9960
0129,3,0150,0.9952
0129,4,0126,0.9937
0129,5,0262,0.9929
0129,6,0117,0.9911
0129,7,0135,0.9908
0129,8,0418,0.9907
0129,9,0074,0.9895
0129,10,0461,0.9889
