rank,vehicle_id,query_views_fused,query_img,gallery_imgs,similarity
1,0065,1,0065_c001_00064630_0.jpg,0065_c001_00064630_0.jpg|0065_c001_00064630_0.jpg|0065_c016_00068355_0.jpg|0065_c001_00064630_0.jpg,0.9984
2,0065,2,0065_c002_00063040_0.jpg,0065_c001_00064630_0.jpg|0065_c001_00064630_0.jpg|0065_c016_00068355_0.jpg|0065_c001_00064630_0.jpg,0.9965
3,0065,3,0065_c003_00060250_0.jpg,0065_c001_00064630_0.jpg|0065_c001_00064630_0.jpg|0065_c016_00068355_0.jpg|0065_c001_00064630_0.jpg,0.9982
4,0065,4,0065_c004_00060105_0.jpg,0065_c001_00064630_0.jpg|0065_c001_00064630_0.jpg|0065_c016_00068355_0.jpg|0065_c001_00064630_0.jpg,0.9989
5,0065,5,0065_c006_00061310_0.jpg,0065_c001_00064630_0.jpg|0065_c001_00064630_0.jpg|0065_c016_00068355_0.jpg|0065_c001_00064630_0.jpg,0.9991
6,0065,6,0065_c008_00059930_0.jpg,0065_c001_00064630_0.jpg|0065_c001_00064630_0.jpg|0065_c016_00068355_0.jpg|0065_c001_00064630_0.jpg,0.9982
7,0065,7,0065_c009_00059990_0.jpg,0065_c001_00064630_0.jpg|0065_c001_00064630_0.jpg|0065_c016_00068355_0.jpg|0065_c001_00064630_0.jpg,0.9980
8,0065,8,0065_c010_00061240_0.jpg,0065_c001_00064630_0.jpg|0065_c001_00064630_0.jpg|0065_c016_00068355_0.jpg|0065_c001_00064630_0.jpg,0.9978
9,0065,9,0065_c011_00061315_0.jpg,0065_c001_00064630_0.jpg|0065_c001_00064630_0.jpg|0065_c016_00068355_0.jpg|0065_c001_00064630_0.jpg,0.9985
10,0065,10,0065_c012_00065115_0.jpg,0065_c001_00064630_0.jpg|0065_c001_00064630_0.jpg|0065_c016_00068355_0.jpg|0065_c001_00064630_0.jpg,0.9985
11,0065,11,0065_c013_00064960_0.jpg,0065_c001_00064630_0.jpg|0065_c001_00064630_0.jpg|0065_c016_00068355_0.jpg|0065_c001_00064630_0.jpg,0.9983
12,0065,12,0065_c014_00067520_0.jpg,0065_c001_00064630_0.jpg|0065_c001_00064630_0.jpg|0065_c016_00068355_0.jpg|0065_c001_00064630_0.jpg,0.9983
13,0065,13,0065_c015_00067315_0.jpg,0065_c001_00064630_0.jpg|0065_c001_00064630_0.jpg|0065_c016_00068355_0.jpg|0065_c001_00064630_0.jpg,0.9984
14,0065,14,0065_c016_00068390_0.jpg,0065_c001_00064630_0.jpg|0065_c001_00064630_0.jpg|0065_c016_00068355_0.jpg|0065_c001_00064630_0.jpg,0.9984
15,0065,15,0065_c017_00065800_0.jpg,0065_c001_00064630_0.jpg|0065_c001_00064630_0.jpg|0065_c016_00068355_0.jpg|0065_c001_00064630_0.jpg,0.9985
16,0065,16,0065_c019_00066085_0.jpg,0065_c001_00064630_0.jpg|0065_c001_00064630_0.jpg|0065_c016_00068355_0.jpg|0065_c001_00064630_0.jpg,0.9982
1,0066,1,0066_c001_00059990_0.jpg,0066_c012_00059120_0.jpg|0066_c012_00059120_0.jpg|0066_c012_00059120_0.jpg|0066_c012_00059120_0.jpg,0.9887
2,0066,2,0066_c012_00059110_0.jpg,0066_c012_00059120_0.jpg|0066_c012_00059120_0.jpg|0066_c012_00059120_0.jpg|0066_c012_00059120_0.jpg,0.9959
3,0066,3,0066_c013_00059200_0.jpg,0066_c012_00059120_0.jpg|0066_c012_00059120_0.jpg|0066_c012_00059120_0.jpg|0066_c012_00059120_0.jpg,0.9914
4,0066,4,0066_c014_00056825_0.jpg,0066_c012_00059120_0.jpg|0066_c012_00059120_0.jpg|0066_c012_00059120_0.jpg|0066_c012_00059120_0.jpg,0.9888
5,0066,5,0066_c015_00057085_0.jpg,0066_c012_00059120_0.jpg|0066_c012_00059120_0.jpg|0066_c012_00059120_0.jpg|0066_c012_00059120_0.jpg,0.9908
6,0066,6,0066_c016_00055450_0.jpg,0066_c012_00059120_0.jpg|0066_c012_00059120_0.jpg|0066_c012_00059120_0.jpg|0066_c012_00059120_0.jpg,0.9893
7,0066,7,0066_c017_00058360_0.jpg,0066_c012_00059120_0.jpg|0066_c012_00059120_0.jpg|0066_c012_00059120_0.jpg|0066_c012_00059120_0.jpg,0.9921
8,0066,8,0066_c019_00058085_0.jpg,0066_c012_00059120_0.jpg|0066_c012_00059120_0.jpg|0066_c012_00059120_0.jpg|0066_c012_00059120_0.jpg,0.9904
1,0086,1,0086_c001_00079320_0.jpg,0086_c001_00079335_0.jpg|0086_c001_00079335_0.jpg|0086_c001_00079335_0.jpg|0086_c001_00079335_0.jpg,0.9985
2,0086,2,0086_c012_00080055_0.jpg,0086_c001_00079335_0.jpg|0086_c001_00079335_0.jpg|0086_c001_00079335_0.jpg|0086_c001_00079335_0.jpg,0.9953
3,0086,3,0086_c013_00079895_0.jpg,0086_c001_00079335_0.jpg|0086_c001_00079335_0.jpg|0086_c001_00079335_0.jpg|0086_c001_00079335_0.jpg,0.9927
4,0086,4,0086_c014_00081915_0.jpg,0086_c001_00079335_0.jpg|0086_c001_00079335_0.jpg|0086_c001_00079335_0.jpg|0086_c001_00079335_0.jpg,0.9937
5,0086,5,0086_c015_00081770_0.jpg,0086_c001_00079335_0.jpg|0086_c001_00079335_0.jpg|0086_c001_00079335_0.jpg|0086_c001_00079335_0.jpg,0.9909
6,0086,6,0086_c016_00082225_0.jpg,0086_c001_00079335_0.jpg|0086_c001_00079335_0.jpg|0086_c001_00079335_0.jpg|0086_c001_00079335_0.jpg,0.9908
7,0086,7,0086_c017_00080725_0.jpg,0086_c001_00079335_0.jpg|0086_c001_00079335_0.jpg|0086_c001_00079335_0.jpg|0086_c001_00079335_0.jpg,0.9916
8,0086,8,0086_c019_00080940_0.jpg,0086_c001_00079335_0.jpg|0086_c001_00079335_0.jpg|0086_c001_00079335_0.jpg|0086_c001_00079335_0.jpg,0.9896
1,0104,1,0104_c001_00021440_0.jpg,0104_c001_00021435_0.jpg|0104_c001_00021435_0.jpg|0104_c001_00021435_0.jpg|0104_c001_00021435_0.jpg,0.9996
2,0104,2,0104_c002_00019700_1.jpg,0104_c001_00021435_0.jpg|0104_c001_00021435_0.jpg|0104_c001_00021435_0.jpg|0104_c001_00021435_0.jpg,0.9897
3,0104,3,0104_c003_00016995_0.jpg,0104_c001_00021435_0.jpg|0104_c001_00021435_0.jpg|0104_c001_00021435_0.jpg|0104_c001_00021435_0.jpg,0.9873
4,0104,4,0104_c004_00016940_0.jpg,0104_c001_00021435_0.jpg|0104_c001_00021435_0.jpg|0104_c001_00021435_0.jpg|0104_c001_00021435_0.jpg,0.9862
5,0104,5,0104_c006_00017875_1.jpg,0104_c001_00021435_0.jpg|0104_c001_00021435_0.jpg|0104_c001_00021435_0.jpg|0104_c001_00021435_0.jpg,0.9850
6,0104,6,0104_c010_00017790_0.jpg,0104_c001_00021435_0.jpg|0104_c001_00021435_0.jpg|0104_c001_00021435_0.jpg|0104_c001_00021435_0.jpg,0.9834
7,0104,7,0104_c011_00017820_1.jpg,0104_c001_00021435_0.jpg|0104_c001_00021435_0.jpg|0104_c001_00021435_0.jpg|0104_c001_00021435_0.jpg,0.9842
8,0104,8,0104_c013_00021685_0.jpg,0104_c001_00021435_0.jpg|0104_c001_00021435_0.jpg|0104_c001_00021435_0.jpg|0104_c001_00021435_0.jpg,0.9833
9,0104,9,0104_c018_00022470_0.jpg,0104_c001_00021435_0.jpg|0104_c001_00021435_0.jpg|0104_c001_00021435_0.jpg|0104_c001_00021435_0.jpg,0.9830
1,0122,1,0122_c001_00036500_0.jpg,0122_c013_00036840_0.jpg|0122_c015_00038460_0.jpg|0122_c016_00039710_0.jpg|0122_c013_00036840_0.jpg,0.9694
2,0122,2,0122_c012_00036985_0.jpg,0122_c013_00036840_0.jpg|0122_c015_00038460_0.jpg|0122_c016_00039710_0.jpg|0122_c013_00036840_0.jpg,0.9452
3,0122,3,0122_c013_00036865_0.jpg,0122_c013_00036840_0.jpg|0122_c015_00038460_0.jpg|0122_c016_00039710_0.jpg|0122_c013_00036840_0.jpg,0.9765
4,0122,4,0122_c015_00038450_0.jpg,0122_c013_00036840_0.jpg|0122_c015_00038460_0.jpg|0122_c016_00039710_0.jpg|0122_c013_00036840_0.jpg,0.9846
5,0122,5,0122_c016_00039735_0.jpg,0122_c013_00036840_0.jpg|0122_c015_00038460_0.jpg|0122_c016_00039710_0.jpg|0122_c013_00036840_0.jpg,0.9891
6,0122,6,0122_c019_00037970_1.jpg,0122_c013_00036840_0.jpg|0122_c015_00038460_0.jpg|0122_c016_00039710_0.jpg|0122_c013_00036840_0.jpg,0.9927
1,0129,1,0129_c014_00026710_1.jpg,0129_c014_00026710_1.jpg|0129_c014_00026710_1.jpg|0129_c014_00026710_1.jpg|0129_c014_00026710_1.jpg,1.0000
2,0129,2,0129_c015_00026705_1.jpg,0129_c014_00026710_1.jpg|0129_c014_00026710_1.jpg|0129_c014_00026710_1.jpg|0129_c014_00026710_1.jpg,0.9889
3,0129,3,0129_c017_00027580_0.jpg,0129_c014_00026710_1.jpg|0129_c014_00026710_1.jpg|0129_c014_00026710_1.jpg|0129_c014_00026710_1.jpg,0.9927
4,0129,4,0129_c019_00027405_0.jpg,0129_c014_00026710_1.jpg|0129_c014_00026710_1.jpg|0129_c014_00026710_1.jpg|0129_c014_00026710_1.jpg,0.9934
1,0134,1,0134_c001_00064795_1.jpg,0134_c003_00060110_1.jpg|0134_c003_00060110_1.jpg|0134_c002_00000350_0.jpg|0134_c002_00000350_0.jpg,0.9469
2,0134,2,0134_c002_00063575_0.jpg,0134_c003_00060110_1.jpg|0134_c003_00060110_1.jpg|0134_c002_00000350_0.jpg|0134_c002_00000350_0.jpg,0.9700
3,0134,3,0134_c003_00049335_0.jpg,0134_c003_00060110_1.jpg|0134_c003_00060110_1.jpg|0134_c002_00000350_0.jpg|0134_c002_00000350_0.jpg,0.9829
4,0134,4,0134_c004_00049285_0.jpg,0134_c003_00060110_1.jpg|0134_c003_00060110_1.jpg|0134_c002_00000350_0.jpg|0134_c002_00000350_0.jpg,0.9832
5,0134,5,0134_c005_00051340_0.jpg,0134_c003_00060110_1.jpg|0134_c003_00060110_1.jpg|0134_c002_00000350_0.jpg|0134_c002_00000350_0.jpg,0.9771
6,0134,6,0134_c006_00047550_1.jpg,0134_c003_00060110_1.jpg|0134_c003_00060110_1.jpg|0134_c002_00000350_0.jpg|0134_c002_00000350_0.jpg,0.9747
7,0134,7,0134_c007_00051615_0.jpg,0134_c003_00060110_1.jpg|0134_c003_00060110_1.jpg|0134_c002_00000350_0.jpg|0134_c002_00000350_0.jpg,0.9693
8,0134,8,0134_c008_00049955_0.jpg,0134_c003_00060110_1.jpg|0134_c003_00060110_1.jpg|0134_c002_00000350_0.jpg|0134_c002_00000350_0.jpg,0.9698
9,0134,9,0134_c009_00049775_0.jpg,0134_c003_00060110_1.jpg|0134_c003_00060110_1.jpg|0134_c002_00000350_0.jpg|0134_c002_00000350_0.jpg,0.9740
10,0134,10,0134_c010_00061445_0.jpg,0134_c003_00060110_1.jpg|0134_c003_00060110_1.jpg|0134_c002_00000350_0.jpg|0134_c002_00000350_0.jpg,0.9753
11,0134,11,0134_c011_00061670_0.jpg,0134_c003_00060110_1.jpg|0134_c003_00060110_1.jpg|0134_c002_00000350_0.jpg|0134_c002_00000350_0.jpg,0.9784
12,0134,12,0134_c012_00065940_0.jpg,0134_c003_00060110_1.jpg|0134_c003_00060110_1.jpg|0134_c002_00000350_0.jpg|0134_c002_00000350_0.jpg,0.9814
13,0134,13,0134_c013_00065515_0.jpg,0134_c003_00060110_1.jpg|0134_c003_00060110_1.jpg|0134_c002_00000350_0.jpg|0134_c002_00000350_0.jpg,0.9818
14,0134,14,0134_c014_00070330_0.jpg,0134_c003_00060110_1.jpg|0134_c003_00060110_1.jpg|0134_c002_00000350_0.jpg|0134_c002_00000350_0.jpg,0.9832
15,0134,15,0134_c015_00070000_1.jpg,0134_c003_00060110_1.jpg|0134_c003_00060110_1.jpg|0134_c002_00000350_0.jpg|0134_c002_00000350_0.jpg,0.9837
16,0134,16,0134_c016_00071425_0.jpg,0134_c003_00060110_1.jpg|0134_c003_00060110_1.jpg|0134_c002_00000350_0.jpg|0134_c002_00000350_0.jpg,0.9834
17,0134,17,0134_c017_00067610_0.jpg,0134_c003_00060110_1.jpg|0134_c003_00060110_1.jpg|0134_c002_00000350_0.jpg|0134_c002_00000350_0.jpg,0.9841
18,0134,18,0134_c019_00068345_0.jpg,0134_c003_00060110_1.jpg|0134_c003_00060110_1.jpg|0134_c002_00000350_0.jpg|0134_c002_00000350_0.jpg,0.9843
1,0144,1,0144_c001_00029300_0.jpg,0144_c001_00029300_0.jpg|0144_c001_00029300_0.jpg|0144_c001_00029300_0.jpg|0144_c001_00029300_0.jpg,1.0000
2,0144,2,0144_c012_00027240_0.jpg,0144_c001_00029300_0.jpg|0144_c001_00029300_0.jpg|0144_c001_00029300_0.jpg|0144_c001_00029300_0.jpg,0.9980
3,0144,3,0144_c013_00027420_0.jpg,0144_c001_00029300_0.jpg|0144_c001_00029300_0.jpg|0144_c001_00029300_0.jpg|0144_c001_00029300_0.jpg,0.9960
4,0144,4,0144_c014_00024350_0.jpg,0144_c001_00029300_0.jpg|0144_c001_00029300_0.jpg|0144_c001_00029300_0.jpg|0144_c001_00029300_0.jpg,0.9935
5,0144,5,0144_c015_00024580_0.jpg,0144_c001_00029300_0.jpg|0144_c001_00029300_0.jpg|0144_c001_00029300_0.jpg|0144_c001_00029300_0.jpg,0.9949
6,0144,6,0144_c017_00026280_0.jpg,0144_c001_00029300_0.jpg|0144_c001_00029300_0.jpg|0144_c001_00029300_0.jpg|0144_c001_00029300_0.jpg,0.9959
1,0166,1,0166_c001_00038230_0.jpg,0166_c013_00038860_0.jpg|0166_c013_00037090_0.jpg|0166_c013_00037090_0.jpg|0166_c013_00037090_0.jpg,0.9652
2,0166,2,0166_c013_00037090_0.jpg,0166_c013_00038860_0.jpg|0166_c013_00037090_0.jpg|0166_c013_00037090_0.jpg|0166_c013_00037090_0.jpg,0.9912
3,0166,3,0166_c014_00035220_0.jpg,0166_c013_00038860_0.jpg|0166_c013_00037090_0.jpg|0166_c013_00037090_0.jpg|0166_c013_00037090_0.jpg,0.9954
4,0166,4,0166_c016_00034905_1.jpg,0166_c013_00038860_0.jpg|0166_c013_00037090_0.jpg|0166_c013_00037090_0.jpg|0166_c013_00037090_0.jpg,0.9949
5,0166,5,0166_c017_00036360_0.jpg,0166_c013_00038860_0.jpg|0166_c013_00037090_0.jpg|0166_c013_00037090_0.jpg|0166_c013_00037090_0.jpg,0.9942
1,0273,1,0273_c001_00040670_0.jpg,0273_c010_00037615_0.jpg|0273_c010_00037615_0.jpg|0273_c010_00037615_0.jpg|0273_c012_00041180_0.jpg,0.9800
2,0273,2,0273_c002_00039190_1.jpg,0273_c010_00037615_0.jpg|0273_c010_00037615_0.jpg|0273_c010_00037615_0.jpg|0273_c012_00041180_0.jpg,0.9921
3,0273,3,0273_c003_00036590_0.jpg,0273_c010_00037615_0.jpg|0273_c010_00037615_0.jpg|0273_c010_00037615_0.jpg|0273_c012_00041180_0.jpg,0.9942
4,0273,4,0273_c004_00036465_0.jpg,0273_c010_00037615_0.jpg|0273_c010_00037615_0.jpg|0273_c010_00037615_0.jpg|0273_c012_00041180_0.jpg,0.9921
5,0273,5,0273_c006_00037765_0.jpg,0273_c010_00037615_0.jpg|0273_c010_00037615_0.jpg|0273_c010_00037615_0.jpg|0273_c012_00041180_0.jpg,0.9916
6,0273,6,0273_c008_00036280_0.jpg,0273_c010_00037615_0.jpg|0273_c010_00037615_0.jpg|0273_c010_00037615_0.jpg|0273_c012_00041180_0.jpg,0.9924
7,0273,7,0273_c009_00036350_0.jpg,0273_c010_00037615_0.jpg|0273_c010_00037615_0.jpg|0273_c010_00037615_0.jpg|0273_c012_00041180_0.jpg,0.9938
8,0273,8,0273_c010_00037625_0.jpg,0273_c010_00037615_0.jpg|0273_c010_00037615_0.jpg|0273_c010_00037615_0.jpg|0273_c012_00041180_0.jpg,0.9944
9,0273,9,0273_c011_00037785_1.jpg,0273_c010_00037615_0.jpg|0273_c010_00037615_0.jpg|0273_c010_00037615_0.jpg|0273_c012_00041180_0.jpg,0.9947
10,0273,10,0273_c012_00041175_0.jpg,0273_c010_00037615_0.jpg|0273_c010_00037615_0.jpg|0273_c010_00037615_0.jpg|0273_c012_00041180_0.jpg,0.9952
11,0273,11,0273_c013_00041050_0.jpg,0273_c010_00037615_0.jpg|0273_c010_00037615_0.jpg|0273_c010_00037615_0.jpg|0273_c012_00041180_0.jpg,0.9950
12,0273,12,0273_c014_00000540_1.jpg,0273_c010_00037615_0.jpg|0273_c010_00037615_0.jpg|0273_c010_00037615_0.jpg|0273_c012_00041180_0.jpg,0.9957
13,0273,13,0273_c015_00044265_0.jpg,0273_c010_00037615_0.jpg|0273_c010_00037615_0.jpg|0273_c010_00037615_0.jpg|0273_c012_00041180_0.jpg,0.9956
14,0273,14,0273_c016_00045345_0.jpg,0273_c010_00037615_0.jpg|0273_c010_00037615_0.jpg|0273_c010_00037615_0.jpg|0273_c012_00041180_0.jpg,0.9960
15,0273,15,0273_c017_00042500_0.jpg,0273_c010_00037615_0.jpg|0273_c010_00037615_0.jpg|0273_c010_00037615_0.jpg|0273_c012_00041180_0.jpg,0.9956
16,0273,16,0273_c019_00042810_0.jpg,0273_c010_00037615_0.jpg|0273_c010_00037615_0.jpg|0273_c010_00037615_0.jpg|0273_c012_00041180_0.jpg,0.9959
1,0281,1,0281_c001_00033830_0.jpg,0281_c003_00030185_0.jpg|0281_c003_00030185_0.jpg|0281_c003_00030185_0.jpg|0281_c014_00037945_0.jpg,0.9848
2,0281,2,0281_c002_00031880_0.jpg,0281_c003_00030185_0.jpg|0281_c003_00030185_0.jpg|0281_c003_00030185_0.jpg|0281_c014_00037945_0.jpg,0.9900
3,0281,3,0281_c003_00030185_0.jpg,0281_c003_00030185_0.jpg|0281_c003_00030185_0.jpg|0281_c003_00030185_0.jpg|0281_c014_00037945_0.jpg,0.9952
4,0281,4,0281_c004_00030085_0.jpg,0281_c003_00030185_0.jpg|0281_c003_00030185_0.jpg|0281_c003_00030185_0.jpg|0281_c014_00037945_0.jpg,0.9959
5,0281,5,0281_c006_00031000_0.jpg,0281_c003_00030185_0.jpg|0281_c003_00030185_0.jpg|0281_c003_00030185_0.jpg|0281_c014_00037945_0.jpg,0.9960
6,0281,6,0281_c008_00029935_0.jpg,0281_c003_00030185_0.jpg|0281_c003_00030185_0.jpg|0281_c003_00030185_0.jpg|0281_c014_00037945_0.jpg,0.9945
7,0281,7,0281_c009_00030010_0.jpg,0281_c003_00030185_0.jpg|0281_c003_00030185_0.jpg|0281_c003_00030185_0.jpg|0281_c014_00037945_0.jpg,0.9933
8,0281,8,0281_c010_00030780_0.jpg,0281_c003_00030185_0.jpg|0281_c003_00030185_0.jpg|0281_c003_00030185_0.jpg|0281_c014_00037945_0.jpg,0.9932
9,0281,9,0281_c011_00030970_0.jpg,0281_c003_00030185_0.jpg|0281_c003_00030185_0.jpg|0281_c003_00030185_0.jpg|0281_c014_00037945_0.jpg,0.9946
10,0281,10,0281_c012_00034420_0.jpg,0281_c003_00030185_0.jpg|0281_c003_00030185_0.jpg|0281_c003_00030185_0.jpg|0281_c014_00037945_0.jpg,0.9950
11,0281,11,0281_c013_00034275_0.jpg,0281_c003_00030185_0.jpg|0281_c003_00030185_0.jpg|0281_c003_00030185_0.jpg|0281_c014_00037945_0.jpg,0.9947
12,0281,12,0281_c014_00037925_0.jpg,0281_c003_00030185_0.jpg|0281_c003_00030185_0.jpg|0281_c003_00030185_0.jpg|0281_c014_00037945_0.jpg,0.9953
13,0281,13,0281_c015_00037740_0.jpg,0281_c003_00030185_0.jpg|0281_c003_00030185_0.jpg|0281_c003_00030185_0.jpg|0281_c014_00037945_0.jpg,0.9948
14,0281,14,0281_c016_00039645_0.jpg,0281_c003_00030185_0.jpg|0281_c003_00030185_0.jpg|0281_c003_00030185_0.jpg|0281_c014_00037945_0.jpg,0.9951
15,0281,15,0281_c017_00036150_0.jpg,0281_c003_00030185_0.jpg|0281_c003_00030185_0.jpg|0281_c003_00030185_0.jpg|0281_c014_00037945_0.jpg,0.9950
16,0281,16,0281_c019_00036455_0.jpg,0281_c003_00030185_0.jpg|0281_c003_00030185_0.jpg|0281_c003_00030185_0.jpg|0281_c014_00037945_0.jpg,0.9945
1,0296,1,0296_c001_00062155_0.jpg,0296_c016_00058220_1.jpg|0296_c016_00058220_1.jpg|0296_c016_00058220_1.jpg|0296_c016_00058220_1.jpg,0.9404
2,0296,2,0296_c002_00062820_0.jpg,0296_c016_00058220_1.jpg|0296_c016_00058220_1.jpg|0296_c016_00058220_1.jpg|0296_c016_00058220_1.jpg,0.9668
3,0296,3,0296_c012_00060375_0.jpg,0296_c016_00058220_1.jpg|0296_c016_00058220_1.jpg|0296_c016_00058220_1.jpg|0296_c016_00058220_1.jpg,0.9693
4,0296,4,0296_c013_00060505_1.jpg,0296_c016_00058220_1.jpg|0296_c016_00058220_1.jpg|0296_c016_00058220_1.jpg|0296_c016_00058220_1.jpg,0.9746
5,0296,5,0296_c014_00058475_0.jpg,0296_c016_00058220_1.jpg|0296_c016_00058220_1.jpg|0296_c016_00058220_1.jpg|0296_c016_00058220_1.jpg,0.9787
6,0296,6,0296_c015_00058505_0.jpg,0296_c016_00058220_1.jpg|0296_c016_00058220_1.jpg|0296_c016_00058220_1.jpg|0296_c016_00058220_1.jpg,0.9812
7,0296,7,0296_c016_00058220_1.jpg,0296_c016_00058220_1.jpg|0296_c016_00058220_1.jpg|0296_c016_00058220_1.jpg|0296_c016_00058220_1.jpg,0.9862
8,0296,8,0296_c017_00059700_0.jpg,0296_c016_00058220_1.jpg|0296_c016_00058220_1.jpg|0296_c016_00058220_1.jpg|0296_c016_00058220_1.jpg,0.9848
9,0296,9,0296_c019_00059405_1.jpg,0296_c016_00058220_1.jpg|0296_c016_00058220_1.jpg|0296_c016_00058220_1.jpg|0296_c016_00058220_1.jpg,0.9842
1,0315,1,0315_c001_00033425_0.jpg,0315_c001_00033435_0.jpg|0315_c001_00033435_0.jpg|0315_c014_00035455_0.jpg|0315_c001_00033435_0.jpg,0.9971
2,0315,2,0315_c002_00027290_0.jpg,0315_c001_00033435_0.jpg|0315_c001_00033435_0.jpg|0315_c014_00035455_0.jpg|0315_c001_00033435_0.jpg,0.9900
3,0315,3,0315_c003_00000615_0.jpg,0315_c001_00033435_0.jpg|0315_c001_00033435_0.jpg|0315_c014_00035455_0.jpg|0315_c001_00033435_0.jpg,0.9916
4,0315,4,0315_c004_00000570_0.jpg,0315_c001_00033435_0.jpg|0315_c001_00033435_0.jpg|0315_c014_00035455_0.jpg|0315_c001_00033435_0.jpg,0.9907
5,0315,5,0315_c006_00000110_0.jpg,0315_c001_00033435_0.jpg|0315_c001_00033435_0.jpg|0315_c014_00035455_0.jpg|0315_c001_00033435_0.jpg,0.9918
6,0315,6,0315_c008_00000840_0.jpg,0315_c001_00033435_0.jpg|0315_c001_00033435_0.jpg|0315_c014_00035455_0.jpg|0315_c001_00033435_0.jpg,0.9894
7,0315,7,0315_c009_00000755_0.jpg,0315_c001_00033435_0.jpg|0315_c001_00033435_0.jpg|0315_c014_00035455_0.jpg|0315_c001_00033435_0.jpg,0.9898
8,0315,8,0315_c010_00000200_0.jpg,0315_c001_00033435_0.jpg|0315_c001_00033435_0.jpg|0315_c014_00035455_0.jpg|0315_c001_00033435_0.jpg,0.9920
9,0315,9,0315_c011_00000055_0.jpg,0315_c001_00033435_0.jpg|0315_c001_00033435_0.jpg|0315_c014_00035455_0.jpg|0315_c001_00033435_0.jpg,0.9922
10,0315,10,0315_c012_00034005_0.jpg,0315_c001_00033435_0.jpg|0315_c001_00033435_0.jpg|0315_c014_00035455_0.jpg|0315_c001_00033435_0.jpg,0.9932
11,0315,11,0315_c013_00033890_0.jpg,0315_c001_00033435_0.jpg|0315_c001_00033435_0.jpg|0315_c014_00035455_0.jpg|0315_c001_00033435_0.jpg,0.9939
12,0315,12,0315_c014_00035440_0.jpg,0315_c001_00033435_0.jpg|0315_c001_00033435_0.jpg|0315_c014_00035455_0.jpg|0315_c001_00033435_0.jpg,0.9948
13,0315,13,0315_c015_00035180_0.jpg,0315_c001_00033435_0.jpg|0315_c001_00033435_0.jpg|0315_c014_00035455_0.jpg|0315_c001_00033435_0.jpg,0.9951
14,0315,14,0315_c016_00035975_0.jpg,0315_c001_00033435_0.jpg|0315_c001_00033435_0.jpg|0315_c014_00035455_0.jpg|0315_c001_00033435_0.jpg,0.9945
15,0315,15,0315_c017_00034470_0.jpg,0315_c001_00033435_0.jpg|0315_c001_00033435_0.jpg|0315_c014_00035455_0.jpg|0315_c001_00033435_0.jpg,0.9947
16,0315,16,0315_c019_00034675_0.jpg,0315_c001_00033435_0.jpg|0315_c001_00033435_0.jpg|0315_c014_00035455_0.jpg|0315_c001_00033435_0.jpg,0.9946
1,0344,1,0344_c001_00034120_0.jpg,0344_c013_00034460_0.jpg|0344_c013_00034460_0.jpg|0344_c013_00034460_0.jpg|0344_c013_00034460_0.jpg,0.9709
2,0344,2,0344_c012_00034575_0.jpg,0344_c013_00034460_0.jpg|0344_c013_00034460_0.jpg|0344_c013_00034460_0.jpg|0344_c013_00034460_0.jpg,0.9749
3,0344,3,0344_c013_00034465_0.jpg,0344_c013_00034460_0.jpg|0344_c013_00034460_0.jpg|0344_c013_00034460_0.jpg|0344_c013_00034460_0.jpg,0.9804
4,0344,4,0344_c014_00036000_0.jpg,0344_c013_00034460_0.jpg|0344_c013_00034460_0.jpg|0344_c013_00034460_0.jpg|0344_c013_00034460_0.jpg,0.9809
5,0344,5,0344_c015_00035855_0.jpg,0344_c013_00034460_0.jpg|0344_c013_00034460_0.jpg|0344_c013_00034460_0.jpg|0344_c013_00034460_0.jpg,0.9807
6,0344,6,0344_c016_00037135_0.jpg,0344_c013_00034460_0.jpg|0344_c013_00034460_0.jpg|0344_c013_00034460_0.jpg|0344_c013_00034460_0.jpg,0.9807
7,0344,7,0344_c017_00035175_1.jpg,0344_c013_00034460_0.jpg|0344_c013_00034460_0.jpg|0344_c013_00034460_0.jpg|0344_c013_00034460_0.jpg,0.9786
8,0344,8,0344_c019_00035400_0.jpg,0344_c013_00034460_0.jpg|0344_c013_00034460_0.jpg|0344_c013_00034460_0.jpg|0344_c013_00034460_0.jpg,0.9789
1,0361,1,0361_c001_00035850_0.jpg,0361_c001_00035850_0.jpg|0361_c001_00035850_0.jpg|0361_c013_00036340_0.jpg|0361_c001_00035850_0.jpg,0.9982
2,0361,2,0361_c002_00074570_1.jpg,0361_c001_00035850_0.jpg|0361_c001_00035850_0.jpg|0361_c013_00036340_0.jpg|0361_c001_00035850_0.jpg,0.9966
3,0361,3,0361_c003_00072950_0.jpg,0361_c001_00035850_0.jpg|0361_c001_00035850_0.jpg|0361_c013_00036340_0.jpg|0361_c001_00035850_0.jpg,0.9965
4,0361,4,0361_c004_00072820_0.jpg,0361_c001_00035850_0.jpg|0361_c001_00035850_0.jpg|0361_c013_00036340_0.jpg|0361_c001_00035850_0.jpg,0.9962
5,0361,5,0361_c006_00073545_0.jpg,0361_c001_00035850_0.jpg|0361_c001_00035850_0.jpg|0361_c013_00036340_0.jpg|0361_c001_00035850_0.jpg,0.9959
6,0361,6,0361_c008_00072665_0.jpg,0361_c001_00035850_0.jpg|0361_c001_00035850_0.jpg|0361_c013_00036340_0.jpg|0361_c001_00035850_0.jpg,0.9956
7,0361,7,0361_c009_00072765_0.jpg,0361_c001_00035850_0.jpg|0361_c001_00035850_0.jpg|0361_c013_00036340_0.jpg|0361_c001_00035850_0.jpg,0.9937
8,0361,8,0361_c010_00073525_0.jpg,0361_c001_00035850_0.jpg|0361_c001_00035850_0.jpg|0361_c013_00036340_0.jpg|0361_c001_00035850_0.jpg,0.9933
9,0361,9,0361_c011_00073555_0.jpg,0361_c001_00035850_0.jpg|0361_c001_00035850_0.jpg|0361_c013_00036340_0.jpg|0361_c001_00035850_0.jpg,0.9932
10,0361,10,0361_c013_00036340_0.jpg,0361_c001_00035850_0.jpg|0361_c001_00035850_0.jpg|0361_c013_00036340_0.jpg|0361_c001_00035850_0.jpg,0.9938
11,0361,11,0361_c014_00038035_0.jpg,0361_c001_00035850_0.jpg|0361_c001_00035850_0.jpg|0361_c013_00036340_0.jpg|0361_c001_00035850_0.jpg,0.9937
12,0361,12,0361_c015_00037850_0.jpg,0361_c001_00035850_0.jpg|0361_c001_00035850_0.jpg|0361_c013_00036340_0.jpg|0361_c001_00035850_0.jpg,0.9931
13,0361,13,0361_c016_00038750_0.jpg,0361_c001_00035850_0.jpg|0361_c001_00035850_0.jpg|0361_c013_00036340_0.jpg|0361_c001_00035850_0.jpg,0.9925
14,0361,14,0361_c017_00036915_0.jpg,0361_c001_00035850_0.jpg|0361_c001_00035850_0.jpg|0361_c013_00036340_0.jpg|0361_c001_00035850_0.jpg,0.9929
15,0361,15,0361_c019_00037125_0.jpg,0361_c001_00035850_0.jpg|0361_c001_00035850_0.jpg|0361_c013_00036340_0.jpg|0361_c001_00035850_0.jpg,0.9922
1,0365,1,0365_c001_00026500_0.jpg,0365_c008_00086170_0.jpg|0365_c008_00086170_0.jpg|0365_c009_00086260_0.jpg|0365_c011_00086750_0.jpg,0.9912
2,0365,2,0365_c002_00025690_0.jpg,0365_c008_00086170_0.jpg|0365_c008_00086170_0.jpg|0365_c009_00086260_0.jpg|0365_c011_00086750_0.jpg,0.9874
3,0365,3,0365_c003_00034590_0.jpg,0365_c008_00086170_0.jpg|0365_c008_00086170_0.jpg|0365_c009_00086260_0.jpg|0365_c011_00086750_0.jpg,0.9892
4,0365,4,0365_c004_00034510_0.jpg,0365_c008_00086170_0.jpg|0365_c008_00086170_0.jpg|0365_c009_00086260_0.jpg|0365_c011_00086750_0.jpg,0.9902
5,0365,5,0365_c006_00033770_0.jpg,0365_c008_00086170_0.jpg|0365_c008_00086170_0.jpg|0365_c009_00086260_0.jpg|0365_c011_00086750_0.jpg,0.9907
6,0365,6,0365_c008_00086170_0.jpg,0365_c008_00086170_0.jpg|0365_c008_00086170_0.jpg|0365_c009_00086260_0.jpg|0365_c011_00086750_0.jpg,0.9940
7,0365,7,0365_c009_00086255_0.jpg,0365_c008_00086170_0.jpg|0365_c008_00086170_0.jpg|0365_c009_00086260_0.jpg|0365_c011_00086750_0.jpg,0.9949
8,0365,8,0365_c010_00033870_0.jpg,0365_c008_00086170_0.jpg|0365_c008_00086170_0.jpg|0365_c009_00086260_0.jpg|0365_c011_00086750_0.jpg,0.9952
9,0365,9,0365_c011_00033705_0.jpg,0365_c008_00086170_0.jpg|0365_c008_00086170_0.jpg|0365_c009_00086260_0.jpg|0365_c011_00086750_0.jpg,0.9946
10,0365,10,0365_c012_00028980_0.jpg,0365_c008_00086170_0.jpg|0365_c008_00086170_0.jpg|0365_c009_00086260_0.jpg|0365_c011_00086750_0.jpg,0.9942
11,0365,11,0365_c013_00030300_0.jpg,0365_c008_00086170_0.jpg|0365_c008_00086170_0.jpg|0365_c009_00086260_0.jpg|0365_c011_00086750_0.jpg,0.9945
1,0385,1,0385_c014_00037580_0.jpg,0385_c015_00039335_0.jpg|0385_c016_00048285_0.jpg|0385_c014_00039515_0.jpg|0385_c014_00039515_0.jpg,0.9922
2,0385,2,0385_c015_00037575_0.jpg,0385_c015_00039335_0.jpg|0385_c016_00048285_0.jpg|0385_c014_00039515_0.jpg|0385_c014_00039515_0.jpg,0.9916
3,0385,3,0385_c016_00048285_0.jpg,0385_c015_00039335_0.jpg|0385_c016_00048285_0.jpg|0385_c014_00039515_0.jpg|0385_c014_00039515_0.jpg,0.9913
4,0385,4,0385_c017_00038400_0.jpg,0385_c015_00039335_0.jpg|0385_c016_00048285_0.jpg|0385_c014_00039515_0.jpg|0385_c014_00039515_0.jpg,0.9927
5,0385,5,0385_c019_00038185_0.jpg,0385_c015_00039335_0.jpg|0385_c016_00048285_0.jpg|0385_c014_00039515_0.jpg|0385_c014_00039515_0.jpg,0.9927
1,0391,1,0391_c001_00033370_0.jpg,0391_c016_00036020_0.jpg|0391_c016_00036020_0.jpg|0391_c016_00036020_0.jpg|0391_c014_00035670_0.jpg,0.9944
2,0391,2,0391_c002_00030285_0.jpg,0391_c016_00036020_0.jpg|0391_c016_00036020_0.jpg|0391_c016_00036020_0.jpg|0391_c014_00035670_0.jpg,0.9980
3,0391,3,0391_c012_00033975_0.jpg,0391_c016_00036020_0.jpg|0391_c016_00036020_0.jpg|0391_c016_00036020_0.jpg|0391_c014_00035670_0.jpg,0.9982
4,0391,4,0391_c013_00033840_0.jpg,0391_c016_00036020_0.jpg|0391_c016_00036020_0.jpg|0391_c016_00036020_0.jpg|0391_c014_00035670_0.jpg,0.9993
5,0391,5,0391_c014_00035670_0.jpg,0391_c016_00036020_0.jpg|0391_c016_00036020_0.jpg|0391_c016_00036020_0.jpg|0391_c014_00035670_0.jpg,0.9989
6,0391,6,0391_c015_00035500_0.jpg,0391_c016_00036020_0.jpg|0391_c016_00036020_0.jpg|0391_c016_00036020_0.jpg|0391_c014_00035670_0.jpg,0.9990
7,0391,7,0391_c016_00036770_0.jpg,0391_c016_00036020_0.jpg|0391_c016_00036020_0.jpg|0391_c016_00036020_0.jpg|0391_c014_00035670_0.jpg,0.9992
8,0391,8,0391_c017_00034665_0.jpg,0391_c016_00036020_0.jpg|0391_c016_00036020_0.jpg|0391_c016_00036020_0.jpg|0391_c014_00035670_0.jpg,0.9991
1,0402,1,0402_c001_00017020_0.jpg,0402_c001_00074305_0.jpg|0402_c001_00074305_0.jpg|0402_c001_00074305_0.jpg|0402_c001_00074305_0.jpg,0.9994
2,0402,2,0402_c002_00016070_0.jpg,0402_c001_00074305_0.jpg|0402_c001_00074305_0.jpg|0402_c001_00074305_0.jpg|0402_c001_00074305_0.jpg,0.9973
3,0402,3,0402_c003_00056010_0.jpg,0402_c001_00074305_0.jpg|0402_c001_00074305_0.jpg|0402_c001_00074305_0.jpg|0402_c001_00074305_0.jpg,0.9967
4,0402,4,0402_c004_00055990_0.jpg,0402_c001_00074305_0.jpg|0402_c001_00074305_0.jpg|0402_c001_00074305_0.jpg|0402_c001_00074305_0.jpg,0.9968
5,0402,5,0402_c006_00055365_0.jpg,0402_c001_00074305_0.jpg|0402_c001_00074305_0.jpg|0402_c001_00074305_0.jpg|0402_c001_00074305_0.jpg,0.9957
6,0402,6,0402_c010_00055505_0.jpg,0402_c001_00074305_0.jpg|0402_c001_00074305_0.jpg|0402_c001_00074305_0.jpg|0402_c001_00074305_0.jpg,0.9966
7,0402,7,0402_c011_00055360_0.jpg,0402_c001_00074305_0.jpg|0402_c001_00074305_0.jpg|0402_c001_00074305_0.jpg|0402_c001_00074305_0.jpg,0.9968
8,0402,8,0402_c012_00017695_0.jpg,0402_c001_00074305_0.jpg|0402_c001_00074305_0.jpg|0402_c001_00074305_0.jpg|0402_c001_00074305_0.jpg,0.9974
9,0402,9,0402_c013_00017525_0.jpg,0402_c001_00074305_0.jpg|0402_c001_00074305_0.jpg|0402_c001_00074305_0.jpg|0402_c001_00074305_0.jpg,0.9970
10,0402,10,0402_c014_00048185_0.jpg,0402_c001_00074305_0.jpg|0402_c001_00074305_0.jpg|0402_c001_00074305_0.jpg|0402_c001_00074305_0.jpg,0.9957
11,0402,11,0402_c015_00019425_0.jpg,0402_c001_00074305_0.jpg|0402_c001_00074305_0.jpg|0402_c001_00074305_0.jpg|0402_c001_00074305_0.jpg,0.9958
12,0402,12,0402_c016_00019805_0.jpg,0402_c001_00074305_0.jpg|0402_c001_00074305_0.jpg|0402_c001_00074305_0.jpg|0402_c001_00074305_0.jpg,0.9957
13,0402,13,0402_c017_00018490_0.jpg,0402_c001_00074305_0.jpg|0402_c001_00074305_0.jpg|0402_c001_00074305_0.jpg|0402_c001_00074305_0.jpg,0.9966
14,0402,14,0402_c019_00018820_0.jpg,0402_c001_00074305_0.jpg|0402_c001_00074305_0.jpg|0402_c001_00074305_0.jpg|0402_c001_00074305_0.jpg,0.9962
1,0405,1,0405_c001_00007305_0.jpg,0405_c012_00062920_0.jpg|0405_c001_00062250_0.jpg|0405_c001_00062250_0.jpg|0405_c012_00008015_0.jpg,0.9992
2,0405,2,0405_c002_00006795_0.jpg,0405_c012_00062920_0.jpg|0405_c001_00062250_0.jpg|0405_c001_00062250_0.jpg|0405_c012_00008015_0.jpg,0.9980
3,0405,3,0405_c003_00046195_0.jpg,0405_c012_00062920_0.jpg|0405_c001_00062250_0.jpg|0405_c001_00062250_0.jpg|0405_c012_00008015_0.jpg,0.9952
4,0405,4,0405_c004_00046160_0.jpg,0405_c012_00062920_0.jpg|0405_c001_00062250_0.jpg|0405_c001_00062250_0.jpg|0405_c012_00008015_0.jpg,0.9962
5,0405,5,0405_c006_00045615_0.jpg,0405_c012_00062920_0.jpg|0405_c001_00062250_0.jpg|0405_c001_00062250_0.jpg|0405_c012_00008015_0.jpg,0.9968
6,0405,6,0405_c010_00045750_1.jpg,0405_c012_00062920_0.jpg|0405_c001_00062250_0.jpg|0405_c001_00062250_0.jpg|0405_c012_00008015_0.jpg,0.9965
7,0405,7,0405_c011_00045595_0.jpg,0405_c012_00062920_0.jpg|0405_c001_00062250_0.jpg|0405_c001_00062250_0.jpg|0405_c012_00008015_0.jpg,0.9964
8,0405,8,0405_c012_00007995_0.jpg,0405_c012_00062920_0.jpg|0405_c001_00062250_0.jpg|0405_c001_00062250_0.jpg|0405_c012_00008015_0.jpg,0.9972
9,0405,9,0405_c013_00007850_0.jpg,0405_c012_00062920_0.jpg|0405_c001_00062250_0.jpg|0405_c001_00062250_0.jpg|0405_c012_00008015_0.jpg,0.9968
10,0405,10,0405_c014_00009965_0.jpg,0405_c012_00062920_0.jpg|0405_c001_00062250_0.jpg|0405_c001_00062250_0.jpg|0405_c012_00008015_0.jpg,0.9979
11,0405,11,0405_c015_00009840_0.jpg,0405_c012_00062920_0.jpg|0405_c001_00062250_0.jpg|0405_c001_00062250_0.jpg|0405_c012_00008015_0.jpg,0.9977
12,0405,12,0405_c016_00010335_0.jpg,0405_c012_00062920_0.jpg|0405_c001_00062250_0.jpg|0405_c001_00062250_0.jpg|0405_c012_00008015_0.jpg,0.9973
13,0405,13,0405_c017_00008860_0.jpg,0405_c012_00062920_0.jpg|0405_c001_00062250_0.jpg|0405_c001_00062250_0.jpg|0405_c012_00008015_0.jpg,0.9977
14,0405,14,0405_c019_00064340_0.jpg,0405_c012_00062920_0.jpg|0405_c001_00062250_0.jpg|0405_c001_00062250_0.jpg|0405_c012_00008015_0.jpg,0.9975
1,0416,1,0416_c001_00019975_0.jpg,0416_c001_00019975_0.jpg|0416_c013_00020315_0.jpg|0416_c001_00019975_0.jpg|0416_c001_00019975_0.jpg,0.9963
2,0416,2,0416_c012_00020440_0.jpg,0416_c001_00019975_0.jpg|0416_c013_00020315_0.jpg|0416_c001_00019975_0.jpg|0416_c001_00019975_0.jpg,0.9921
3,0416,3,0416_c013_00020300_0.jpg,0416_c001_00019975_0.jpg|0416_c013_00020315_0.jpg|0416_c001_00019975_0.jpg|0416_c001_00019975_0.jpg,0.9899
4,0416,4,0416_c014_00022380_0.jpg,0416_c001_00019975_0.jpg|0416_c013_00020315_0.jpg|0416_c001_00019975_0.jpg|0416_c001_00019975_0.jpg,0.9879
5,0416,5,0416_c015_00022250_0.jpg,0416_c001_00019975_0.jpg|0416_c013_00020315_0.jpg|0416_c001_00019975_0.jpg|0416_c001_00019975_0.jpg,0.9865
6,0416,6,0416_c016_00023795_0.jpg,0416_c001_00019975_0.jpg|0416_c013_00020315_0.jpg|0416_c001_00019975_0.jpg|0416_c001_00019975_0.jpg,0.9868
7,0416,7,0416_c017_00021215_0.jpg,0416_c001_00019975_0.jpg|0416_c013_00020315_0.jpg|0416_c001_00019975_0.jpg|0416_c001_00019975_0.jpg,0.9865
8,0416,8,0416_c019_00021555_0.jpg,0416_c001_00019975_0.jpg|0416_c013_00020315_0.jpg|0416_c001_00019975_0.jpg|0416_c001_00019975_0.jpg,0.9858
1,0417,1,0417_c003_00088715_0.jpg,0417_c003_00088715_0.jpg|0417_c003_00088715_0.jpg|0417_c003_00088715_0.jpg|0417_c003_00088715_0.jpg,1.0000
2,0417,2,0417_c004_00088660_0.jpg,0417_c003_00088715_0.jpg|0417_c003_00088715_0.jpg|0417_c003_00088715_0.jpg|0417_c003_00088715_0.jpg,0.9948
3,0417,3,0417_c010_00088045_0.jpg,0417_c003_00088715_0.jpg|0417_c003_00088715_0.jpg|0417_c003_00088715_0.jpg|0417_c003_00088715_0.jpg,0.9909
1,0420,1,0420_c003_00063645_0.jpg,0420_c003_00063645_0.jpg|0420_c003_00063645_0.jpg|0420_c003_00063645_0.jpg|0420_c004_00063505_1.jpg,0.9982
2,0420,2,0420_c004_00063505_1.jpg,0420_c003_00063645_0.jpg|0420_c003_00063645_0.jpg|0420_c003_00063645_0.jpg|0420_c004_00063505_1.jpg,0.9986
3,0420,3,0420_c006_00064075_1.jpg,0420_c003_00063645_0.jpg|0420_c003_00063645_0.jpg|0420_c003_00063645_0.jpg|0420_c004_00063505_1.jpg,0.9960
4,0420,4,0420_c008_00063425_0.jpg,0420_c003_00063645_0.jpg|0420_c003_00063645_0.jpg|0420_c003_00063645_0.jpg|0420_c004_00063505_1.jpg,0.9972
5,0420,5,0420_c009_00063480_0.jpg,0420_c003_00063645_0.jpg|0420_c003_00063645_0.jpg|0420_c003_00063645_0.jpg|0420_c004_00063505_1.jpg,0.9981
6,0420,6,0420_c010_00064065_0.jpg,0420_c003_00063645_0.jpg|0420_c003_00063645_0.jpg|0420_c003_00063645_0.jpg|0420_c004_00063505_1.jpg,0.9983
7,0420,7,0420_c011_00064055_0.jpg,0420_c003_00063645_0.jpg|0420_c003_00063645_0.jpg|0420_c003_00063645_0.jpg|0420_c004_00063505_1.jpg,0.9976
1,0421,1,0421_c001_00064115_0.jpg,0421_c001_00064115_0.jpg|0421_c001_00064115_0.jpg|0421_c001_00064115_0.jpg|0421_c002_00064765_0.jpg,0.9986
2,0421,2,0421_c002_00064765_0.jpg,0421_c001_00064115_0.jpg|0421_c001_00064115_0.jpg|0421_c001_00064115_0.jpg|0421_c002_00064765_0.jpg,0.9986
3,0421,3,0421_c012_00062860_0.jpg,0421_c001_00064115_0.jpg|0421_c001_00064115_0.jpg|0421_c001_00064115_0.jpg|0421_c002_00064765_0.jpg,0.9964
4,0421,4,0421_c013_00062920_0.jpg,0421_c001_00064115_0.jpg|0421_c001_00064115_0.jpg|0421_c001_00064115_0.jpg|0421_c002_00064765_0.jpg,0.9928
5,0421,5,0421_c014_00060810_0.jpg,0421_c001_00064115_0.jpg|0421_c001_00064115_0.jpg|0421_c001_00064115_0.jpg|0421_c002_00064765_0.jpg,0.9943
6,0421,6,0421_c015_00060860_0.jpg,0421_c001_00064115_0.jpg|0421_c001_00064115_0.jpg|0421_c001_00064115_0.jpg|0421_c002_00064765_0.jpg,0.9937
7,0421,7,0421_c016_00060530_0.jpg,0421_c001_00064115_0.jpg|0421_c001_00064115_0.jpg|0421_c001_00064115_0.jpg|0421_c002_00064765_0.jpg,0.9913
8,0421,8,0421_c017_00062205_0.jpg,0421_c001_00064115_0.jpg|0421_c001_00064115_0.jpg|0421_c001_00064115_0.jpg|0421_c002_00064765_0.jpg,0.9913
9,0421,9,0421_c019_00061820_0.jpg,0421_c001_00064115_0.jpg|0421_c001_00064115_0.jpg|0421_c001_00064115_0.jpg|0421_c002_00064765_0.jpg,0.9908
1,0427,1,0427_c003_00006615_1.jpg,0427_c007_00007365_0.jpg|0427_c007_00007385_0.jpg|0427_c007_00007365_0.jpg|0427_c007_00007380_0.jpg,0.9640
2,0427,2,0427_c005_00007295_0.jpg,0427_c007_00007365_0.jpg|0427_c007_00007385_0.jpg|0427_c007_00007365_0.jpg|0427_c007_00007380_0.jpg,0.9780
3,0427,3,0427_c007_00007385_0.jpg,0427_c007_00007365_0.jpg|0427_c007_00007385_0.jpg|0427_c007_00007365_0.jpg|0427_c007_00007380_0.jpg,0.9896
4,0427,4,0427_c008_00006890_0.jpg,0427_c007_00007365_0.jpg|0427_c007_00007385_0.jpg|0427_c007_00007365_0.jpg|0427_c007_00007380_0.jpg,0.9877
5,0427,5,0427_c009_00006790_0.jpg,0427_c007_00007365_0.jpg|0427_c007_00007385_0.jpg|0427_c007_00007365_0.jpg|0427_c007_00007380_0.jpg,0.9863
1,0446,1,0446_c001_00066450_0.jpg,0446_c001_00066450_0.jpg|0446_c001_00066450_0.jpg|0446_c001_00066450_0.jpg|0446_c002_00066995_0.jpg,0.9990
2,0446,2,0446_c002_00066995_0.jpg,0446_c001_00066450_0.jpg|0446_c001_00066450_0.jpg|0446_c001_00066450_0.jpg|0446_c002_00066995_0.jpg,0.9991
3,0446,3,0446_c003_00070100_0.jpg,0446_c001_00066450_0.jpg|0446_c001_00066450_0.jpg|0446_c001_00066450_0.jpg|0446_c002_00066995_0.jpg,0.9955
4,0446,4,0446_c004_00070105_0.jpg,0446_c001_00066450_0.jpg|0446_c001_00066450_0.jpg|0446_c001_00066450_0.jpg|0446_c002_00066995_0.jpg,0.9929
5,0446,5,0446_c006_00069300_0.jpg,0446_c001_00066450_0.jpg|0446_c001_00066450_0.jpg|0446_c001_00066450_0.jpg|0446_c002_00066995_0.jpg,0.9942
6,0446,6,0446_c010_00069440_0.jpg,0446_c001_00066450_0.jpg|0446_c001_00066450_0.jpg|0446_c001_00066450_0.jpg|0446_c002_00066995_0.jpg,0.9930
7,0446,7,0446_c011_00069290_0.jpg,0446_c001_00066450_0.jpg|0446_c001_00066450_0.jpg|0446_c001_00066450_0.jpg|0446_c002_00066995_0.jpg,0.9930
8,0446,8,0446_c012_00064260_0.jpg,0446_c001_00066450_0.jpg|0446_c001_00066450_0.jpg|0446_c001_00066450_0.jpg|0446_c002_00066995_0.jpg,0.9915
9,0446,9,0446_c013_00065950_0.jpg,0446_c001_00066450_0.jpg|0446_c001_00066450_0.jpg|0446_c001_00066450_0.jpg|0446_c002_00066995_0.jpg,0.9921
10,0446,10,0446_c014_00006235_0.jpg,0446_c001_00066450_0.jpg|0446_c001_00066450_0.jpg|0446_c001_00066450_0.jpg|0446_c002_00066995_0.jpg,0.9928
11,0446,11,0446_c015_00033070_0.jpg,0446_c001_00066450_0.jpg|0446_c001_00066450_0.jpg|0446_c001_00066450_0.jpg|0446_c002_00066995_0.jpg,0.9936
12,0446,12,0446_c016_00041835_0.jpg,0446_c001_00066450_0.jpg|0446_c001_00066450_0.jpg|0446_c001_00066450_0.jpg|0446_c002_00066995_0.jpg,0.9934
13,0446,13,0446_c017_00007230_0.jpg,0446_c001_00066450_0.jpg|0446_c001_00066450_0.jpg|0446_c001_00066450_0.jpg|0446_c002_00066995_0.jpg,0.9932
14,0446,14,0446_c018_00043225_0.jpg,0446_c001_00066450_0.jpg|0446_c001_00066450_0.jpg|0446_c001_00066450_0.jpg|0446_c002_00066995_0.jpg,0.9934
15,0446,15,0446_c019_00006935_0.jpg,0446_c001_00066450_0.jpg|0446_c001_00066450_0.jpg|0446_c001_00066450_0.jpg|0446_c002_00066995_0.jpg,0.9928
1,0456,1,0456_c014_00009165_0.jpg,0456_c014_00009170_0.jpg|0456_c014_00009170_0.jpg|0456_c015_00009010_0.jpg|0456_c014_00009170_0.jpg,0.9986
2,0456,2,0456_c015_00008975_0.jpg,0456_c014_00009170_0.jpg|0456_c014_00009170_0.jpg|0456_c015_00009010_0.jpg|0456_c014_00009170_0.jpg,0.9983
3,0456,3,0456_c015_00008980_0.jpg,0456_c014_00009170_0.jpg|0456_c014_00009170_0.jpg|0456_c015_00009010_0.jpg|0456_c014_00009170_0.jpg,0.9965
4,0456,4,0456_c016_00010490_0.jpg,0456_c014_00009170_0.jpg|0456_c014_00009170_0.jpg|0456_c015_00009010_0.jpg|0456_c014_00009170_0.jpg,0.9950
5,0456,5,0456_c019_00000160_0.jpg,0456_c014_00009170_0.jpg|0456_c014_00009170_0.jpg|0456_c015_00009010_0.jpg|0456_c014_00009170_0.jpg,0.9942
1,0461,1,0461_c001_00015010_0.jpg,0461_c001_00015010_0.jpg|0461_c013_00015435_0.jpg|0461_c001_00015010_0.jpg|0461_c001_00015010_0.jpg,0.9988
2,0461,2,0461_c012_00015555_0.jpg,0461_c001_00015010_0.jpg|0461_c013_00015435_0.jpg|0461_c001_00015010_0.jpg|0461_c001_00015010_0.jpg,0.9937
3,0461,3,0461_c013_00015435_0.jpg,0461_c001_00015010_0.jpg|0461_c013_00015435_0.jpg|0461_c001_00015010_0.jpg|0461_c001_00015010_0.jpg,0.9957
4,0461,4,0461_c014_00017305_0.jpg,0461_c001_00015010_0.jpg|0461_c013_00015435_0.jpg|0461_c001_00015010_0.jpg|0461_c001_00015010_0.jpg,0.9953
5,0461,5,0461_c015_00017165_0.jpg,0461_c001_00015010_0.jpg|0461_c013_00015435_0.jpg|0461_c001_00015010_0.jpg|0461_c001_00015010_0.jpg,0.9957
6,0461,6,0461_c016_00018425_0.jpg,0461_c001_00015010_0.jpg|0461_c013_00015435_0.jpg|0461_c001_00015010_0.jpg|0461_c001_00015010_0.jpg,0.9957
7,0461,7,0461_c017_00016310_0.jpg,0461_c001_00015010_0.jpg|0461_c013_00015435_0.jpg|0461_c001_00015010_0.jpg|0461_c001_00015010_0.jpg,0.9937
1,0467,1,0467_c003_00057085_0.jpg,0467_c015_00014570_0.jpg|0467_c014_00017110_0.jpg|0467_c014_00017110_0.jpg|0467_c014_00017110_0.jpg,0.9459
2,0467,2,0467_c005_00057805_0.jpg,0467_c015_00014570_0.jpg|0467_c014_00017110_0.jpg|0467_c014_00017110_0.jpg|0467_c014_00017110_0.jpg,0.9711
3,0467,3,0467_c007_00057885_0.jpg,0467_c015_00014570_0.jpg|0467_c014_00017110_0.jpg|0467_c014_00017110_0.jpg|0467_c014_00017110_0.jpg,0.9699
4,0467,4,0467_c008_00057345_0.jpg,0467_c015_00014570_0.jpg|0467_c014_00017110_0.jpg|0467_c014_00017110_0.jpg|0467_c014_00017110_0.jpg,0.9672
5,0467,5,0467_c009_00057295_0.jpg,0467_c015_00014570_0.jpg|0467_c014_00017110_0.jpg|0467_c014_00017110_0.jpg|0467_c014_00017110_0.jpg,0.9675
6,0467,6,0467_c014_00014430_0.jpg,0467_c015_00014570_0.jpg|0467_c014_00017110_0.jpg|0467_c014_00017110_0.jpg|0467_c014_00017110_0.jpg,0.9664
7,0467,7,0467_c015_00014570_0.jpg,0467_c015_00014570_0.jpg|0467_c014_00017110_0.jpg|0467_c014_00017110_0.jpg|0467_c014_00017110_0.jpg,0.9746
8,0467,8,0467_c016_00011505_0.jpg,0467_c015_00014570_0.jpg|0467_c014_00017110_0.jpg|0467_c014_00017110_0.jpg|0467_c014_00017110_0.jpg,0.9748
9,0467,9,0467_c017_00015665_0.jpg,0467_c015_00014570_0.jpg|0467_c014_00017110_0.jpg|0467_c014_00017110_0.jpg|0467_c014_00017110_0.jpg,0.9758
10,0467,10,0467_c019_00015285_0.jpg,0467_c015_00014570_0.jpg|0467_c014_00017110_0.jpg|0467_c014_00017110_0.jpg|0467_c014_00017110_0.jpg,0.9784
1,0476,1,0476_c001_00014135_0.jpg,0476_c014_00010440_0.jpg|0476_c013_00012125_0.jpg|0476_c014_00010440_0.jpg|0476_c013_00012125_0.jpg,0.9609
2,0476,2,0476_c002_00014855_0.jpg,0476_c014_00010440_0.jpg|0476_c013_00012125_0.jpg|0476_c014_00010440_0.jpg|0476_c013_00012125_0.jpg,0.9747
3,0476,3,0476_c006_00017355_1.jpg,0476_c014_00010440_0.jpg|0476_c013_00012125_0.jpg|0476_c014_00010440_0.jpg|0476_c013_00012125_0.jpg,0.9756
4,0476,4,0476_c012_00012070_0.jpg,0476_c014_00010440_0.jpg|0476_c013_00012125_0.jpg|0476_c014_00010440_0.jpg|0476_c013_00012125_0.jpg,0.9773
5,0476,5,0476_c013_00012130_0.jpg,0476_c014_00010440_0.jpg|0476_c013_00012125_0.jpg|0476_c014_00010440_0.jpg|0476_c013_00012125_0.jpg,0.9854
6,0476,6,0476_c014_00010440_0.jpg,0476_c014_00010440_0.jpg|0476_c013_00012125_0.jpg|0476_c014_00010440_0.jpg|0476_c013_00012125_0.jpg,0.9886
7,0476,7,0476_c015_00010460_1.jpg,0476_c014_00010440_0.jpg|0476_c013_00012125_0.jpg|0476_c014_00010440_0.jpg|0476_c013_00012125_0.jpg,0.9899
8,0476,8,0476_c016_00010230_0.jpg,0476_c014_00010440_0.jpg|0476_c013_00012125_0.jpg|0476_c014_00010440_0.jpg|0476_c013_00012125_0.jpg,0.9910
9,0476,9,0476_c017_00011405_0.jpg,0476_c014_00010440_0.jpg|0476_c013_00012125_0.jpg|0476_c014_00010440_0.jpg|0476_c013_00012125_0.jpg,0.9906
10,0476,10,0476_c019_00011135_0.jpg,0476_c014_00010440_0.jpg|0476_c013_00012125_0.jpg|0476_c014_00010440_0.jpg|0476_c013_00012125_0.jpg,0.9911
1,0477,1,0477_c001_00019410_1.jpg,0477_c002_00019730_1.jpg|0477_c004_00060090_0.jpg|0477_c002_00019730_1.jpg|0477_c002_00019730_1.jpg,0.9818
2,0477,2,0477_c002_00019730_1.jpg,0477_c002_00019730_1.jpg|0477_c004_00060090_0.jpg|0477_c002_00019730_1.jpg|0477_c002_00019730_1.jpg,0.9954
3,0477,3,0477_c003_00060110_0.jpg,0477_c002_00019730_1.jpg|0477_c004_00060090_0.jpg|0477_c002_00019730_1.jpg|0477_c002_00019730_1.jpg,0.9945
4,0477,4,0477_c004_00060040_0.jpg,0477_c002_00019730_1.jpg|0477_c004_00060090_0.jpg|0477_c002_00019730_1.jpg|0477_c002_00019730_1.jpg,0.9941
5,0477,5,0477_c005_00060760_1.jpg,0477_c002_00019730_1.jpg|0477_c004_00060090_0.jpg|0477_c002_00019730_1.jpg|0477_c002_00019730_1.jpg,0.9960
6,0477,6,0477_c006_00059215_1.jpg,0477_c002_00019730_1.jpg|0477_c004_00060090_0.jpg|0477_c002_00019730_1.jpg|0477_c002_00019730_1.jpg,0.9956
7,0477,7,0477_c007_00060835_0.jpg,0477_c002_00019730_1.jpg|0477_c004_00060090_0.jpg|0477_c002_00019730_1.jpg|0477_c002_00019730_1.jpg,0.9955
8,0477,8,0477_c008_00060365_0.jpg,0477_c002_00019730_1.jpg|0477_c004_00060090_0.jpg|0477_c002_00019730_1.jpg|0477_c002_00019730_1.jpg,0.9954
9,0477,9,0477_c009_00060320_0.jpg,0477_c002_00019730_1.jpg|0477_c004_00060090_0.jpg|0477_c002_00019730_1.jpg|0477_c002_00019730_1.jpg,0.9949
10,0477,10,0477_c010_00059440_0.jpg,0477_c002_00019730_1.jpg|0477_c004_00060090_0.jpg|0477_c002_00019730_1.jpg|0477_c002_00019730_1.jpg,0.9948
11,0477,11,0477_c011_00059260_0.jpg,0477_c002_00019730_1.jpg|0477_c004_00060090_0.jpg|0477_c002_00019730_1.jpg|0477_c002_00019730_1.jpg,0.9946
12,0477,12,0477_c012_00019305_0.jpg,0477_c002_00019730_1.jpg|0477_c004_00060090_0.jpg|0477_c002_00019730_1.jpg|0477_c002_00019730_1.jpg,0.9954
13,0477,13,0477_c013_00019320_0.jpg,0477_c002_00019730_1.jpg|0477_c004_00060090_0.jpg|0477_c002_00019730_1.jpg|0477_c002_00019730_1.jpg,0.9958
14,0477,14,0477_c014_00018055_0.jpg,0477_c002_00019730_1.jpg|0477_c004_00060090_0.jpg|0477_c002_00019730_1.jpg|0477_c002_00019730_1.jpg,0.9961
15,0477,15,0477_c015_00018040_0.jpg,0477_c002_00019730_1.jpg|0477_c004_00060090_0.jpg|0477_c002_00019730_1.jpg|0477_c002_00019730_1.jpg,0.9963
16,0477,16,0477_c016_00017835_0.jpg,0477_c002_00019730_1.jpg|0477_c004_00060090_0.jpg|0477_c002_00019730_1.jpg|0477_c002_00019730_1.jpg,0.9962
17,0477,17,0477_c019_00018545_0.jpg,0477_c002_00019730_1.jpg|0477_c004_00060090_0.jpg|0477_c002_00019730_1.jpg|0477_c002_00019730_1.jpg,0.9961
1,0480,1,0480_c001_00022180_0.jpg,0480_c001_00074605_0.jpg|0480_c013_00020385_0.jpg|0480_c001_00074605_0.jpg|0480_c001_00074605_0.jpg,0.9906
2,0480,2,0480_c012_00020345_0.jpg,0480_c001_00074605_0.jpg|0480_c013_00020385_0.jpg|0480_c001_00074605_0.jpg|0480_c001_00074605_0.jpg,0.9875
3,0480,3,0480_c013_00020385_0.jpg,0480_c001_00074605_0.jpg|0480_c013_00020385_0.jpg|0480_c001_00074605_0.jpg|0480_c001_00074605_0.jpg,0.9930
4,0480,4,0480_c014_00018625_0.jpg,0480_c001_00074605_0.jpg|0480_c013_00020385_0.jpg|0480_c001_00074605_0.jpg|0480_c001_00074605_0.jpg,0.9927
5,0480,5,0480_c015_00018640_0.jpg,0480_c001_00074605_0.jpg|0480_c013_00020385_0.jpg|0480_c001_00074605_0.jpg|0480_c001_00074605_0.jpg,0.9938
6,0480,6,0480_c016_00018315_0.jpg,0480_c001_00074605_0.jpg|0480_c013_00020385_0.jpg|0480_c001_00074605_0.jpg|0480_c001_00074605_0.jpg,0.9932
7,0480,7,0480_c017_00019710_0.jpg,0480_c001_00074605_0.jpg|0480_c013_00020385_0.jpg|0480_c001_00074605_0.jpg|0480_c001_00074605_0.jpg,0.9930
8,0480,8,0480_c019_00019365_0.jpg,0480_c001_00074605_0.jpg|0480_c013_00020385_0.jpg|0480_c001_00074605_0.jpg|0480_c001_00074605_0.jpg,0.9935
1,0485,1,0485_c003_00050580_1.jpg,0485_c003_00050580_1.jpg|0485_c003_00050580_1.jpg|0485_c003_00050580_1.jpg|0485_c003_00050580_1.jpg,0.9999
2,0485,2,0485_c004_00050570_0.jpg,0485_c003_00050580_1.jpg|0485_c003_00050580_1.jpg|0485_c003_00050580_1.jpg|0485_c003_00050580_1.jpg,0.9968
3,0485,3,0485_c005_00051180_1.jpg,0485_c003_00050580_1.jpg|0485_c003_00050580_1.jpg|0485_c003_00050580_1.jpg|0485_c003_00050580_1.jpg,0.9936
4,0485,4,0485_c008_00050780_0.jpg,0485_c003_00050580_1.jpg|0485_c003_00050580_1.jpg|0485_c003_00050580_1.jpg|0485_c003_00050580_1.jpg,0.9896
5,0485,5,0485_c009_00050760_0.jpg,0485_c003_00050580_1.jpg|0485_c003_00050580_1.jpg|0485_c003_00050580_1.jpg|0485_c003_00050580_1.jpg,0.9880
6,0485,6,0485_c010_00050170_0.jpg,0485_c003_00050580_1.jpg|0485_c003_00050580_1.jpg|0485_c003_00050580_1.jpg|0485_c003_00050580_1.jpg,0.9889
1,0486,1,0486_c002_00038210_0.jpg,0486_c003_00039770_0.jpg|0486_c002_00038210_0.jpg|0486_c002_00038210_0.jpg|0486_c002_00038210_0.jpg,0.9987
2,0486,2,0486_c003_00039780_0.jpg,0486_c003_00039770_0.jpg|0486_c002_00038210_0.jpg|0486_c002_00038210_0.jpg|0486_c002_00038210_0.jpg,0.9980
3,0486,3,0486_c004_00039780_0.jpg,0486_c003_00039770_0.jpg|0486_c002_00038210_0.jpg|0486_c002_00038210_0.jpg|0486_c002_00038210_0.jpg,0.9977
4,0486,4,0486_c005_00040620_0.jpg,0486_c003_00039770_0.jpg|0486_c002_00038210_0.jpg|0486_c002_00038210_0.jpg|0486_c002_00038210_0.jpg,0.9960
5,0486,5,0486_c006_00038990_0.jpg,0486_c003_00039770_0.jpg|0486_c002_00038210_0.jpg|0486_c002_00038210_0.jpg|0486_c002_00038210_0.jpg,0.9955
6,0486,6,0486_c007_00040755_0.jpg,0486_c003_00039770_0.jpg|0486_c002_00038210_0.jpg|0486_c002_00038210_0.jpg|0486_c002_00038210_0.jpg,0.9947
7,0486,7,0486_c008_00040095_0.jpg,0486_c003_00039770_0.jpg|0486_c002_00038210_0.jpg|0486_c002_00038210_0.jpg|0486_c002_00038210_0.jpg,0.9934
8,0486,8,0486_c009_00040075_0.jpg,0486_c003_00039770_0.jpg|0486_c002_00038210_0.jpg|0486_c002_00038210_0.jpg|0486_c002_00038210_0.jpg,0.9922
9,0486,9,0486_c010_00039135_0.jpg,0486_c003_00039770_0.jpg|0486_c002_00038210_0.jpg|0486_c002_00038210_0.jpg|0486_c002_00038210_0.jpg,0.9933
10,0486,10,0486_c011_00038910_0.jpg,0486_c003_00039770_0.jpg|0486_c002_00038210_0.jpg|0486_c002_00038210_0.jpg|0486_c002_00038210_0.jpg,0.9930
11,0486,11,0486_c014_00074890_0.jpg,0486_c003_00039770_0.jpg|0486_c002_00038210_0.jpg|0486_c002_00038210_0.jpg|0486_c002_00038210_0.jpg,0.9923
12,0486,12,0486_c015_00075090_1.jpg,0486_c003_00039770_0.jpg|0486_c002_00038210_0.jpg|0486_c002_00038210_0.jpg|0486_c002_00038210_0.jpg,0.9924
13,0486,13,0486_c016_00074625_0.jpg,0486_c003_00039770_0.jpg|0486_c002_00038210_0.jpg|0486_c002_00038210_0.jpg|0486_c002_00038210_0.jpg,0.9913
1,0494,1,0494_c002_00022665_0.jpg,0494_c003_00021550_0.jpg|0494_c003_00021550_0.jpg|0494_c003_00021550_0.jpg|0494_c003_00021550_0.jpg,0.9838
2,0494,2,0494_c003_00021505_1.jpg,0494_c003_00021550_0.jpg|0494_c003_00021550_0.jpg|0494_c003_00021550_0.jpg|0494_c003_00021550_0.jpg,0.9930
3,0494,3,0494_c004_00021435_1.jpg,0494_c003_00021550_0.jpg|0494_c003_00021550_0.jpg|0494_c003_00021550_0.jpg|0494_c003_00021550_0.jpg,0.9907
4,0494,4,0494_c006_00022070_0.jpg,0494_c003_00021550_0.jpg|0494_c003_00021550_0.jpg|0494_c003_00021550_0.jpg|0494_c003_00021550_0.jpg,0.9887
5,0494,5,0494_c010_00022045_0.jpg,0494_c003_00021550_0.jpg|0494_c003_00021550_0.jpg|0494_c003_00021550_0.jpg|0494_c003_00021550_0.jpg,0.9902
6,0494,6,0494_c011_00022030_1.jpg,0494_c003_00021550_0.jpg|0494_c003_00021550_0.jpg|0494_c003_00021550_0.jpg|0494_c003_00021550_0.jpg,0.9884
1,0507,1,0507_c002_00051790_0.jpg,0507_c002_00051780_0.jpg|0507_c004_00055810_0.jpg|0507_c002_00051780_0.jpg|0507_c002_00051780_0.jpg,0.9918
2,0507,2,0507_c003_00055800_0.jpg,0507_c002_00051780_0.jpg|0507_c004_00055810_0.jpg|0507_c002_00051780_0.jpg|0507_c002_00051780_0.jpg,0.9936
3,0507,3,0507_c004_00055800_0.jpg,0507_c002_00051780_0.jpg|0507_c004_00055810_0.jpg|0507_c002_00051780_0.jpg|0507_c002_00051780_0.jpg,0.9966
4,0507,4,0507_c006_00055085_0.jpg,0507_c002_00051780_0.jpg|0507_c004_00055810_0.jpg|0507_c002_00051780_0.jpg|0507_c002_00051780_0.jpg,0.9960
5,0507,5,0507_c008_00056090_0.jpg,0507_c002_00051780_0.jpg|0507_c004_00055810_0.jpg|0507_c002_00051780_0.jpg|0507_c002_00051780_0.jpg,0.9961
6,0507,6,0507_c009_00056020_0.jpg,0507_c002_00051780_0.jpg|0507_c004_00055810_0.jpg|0507_c002_00051780_0.jpg|0507_c002_00051780_0.jpg,0.9959
7,0507,7,0507_c010_00055220_0.jpg,0507_c002_00051780_0.jpg|0507_c004_00055810_0.jpg|0507_c002_00051780_0.jpg|0507_c002_00051780_0.jpg,0.9957
8,0507,8,0507_c011_00055080_0.jpg,0507_c002_00051780_0.jpg|0507_c004_00055810_0.jpg|0507_c002_00051780_0.jpg|0507_c002_00051780_0.jpg,0.9952
1,0510,1,0510_c002_00031940_1.jpg,0510_c004_00030140_0.jpg|0510_c004_00030140_0.jpg|0510_c004_00030140_0.jpg|0510_c004_00030140_0.jpg,0.9838
2,0510,2,0510_c003_00030245_0.jpg,0510_c004_00030140_0.jpg|0510_c004_00030140_0.jpg|0510_c004_00030140_0.jpg|0510_c004_00030140_0.jpg,0.9810
3,0510,3,0510_c004_00030145_0.jpg,0510_c004_00030140_0.jpg|0510_c004_00030140_0.jpg|0510_c004_00030140_0.jpg|0510_c004_00030140_0.jpg,0.9914
4,0510,4,0510_c006_00031090_1.jpg,0510_c004_00030140_0.jpg|0510_c004_00030140_0.jpg|0510_c004_00030140_0.jpg|0510_c004_00030140_0.jpg,0.9913
5,0510,5,0510_c008_00029985_0.jpg,0510_c004_00030140_0.jpg|0510_c004_00030140_0.jpg|0510_c004_00030140_0.jpg|0510_c004_00030140_0.jpg,0.9883
6,0510,6,0510_c009_00030045_0.jpg,0510_c004_00030140_0.jpg|0510_c004_00030140_0.jpg|0510_c004_00030140_0.jpg|0510_c004_00030140_0.jpg,0.9855
7,0510,7,0510_c010_00030855_1.jpg,0510_c004_00030140_0.jpg|0510_c004_00030140_0.jpg|0510_c004_00030140_0.jpg|0510_c004_00030140_0.jpg,0.9825
8,0510,8,0510_c011_00031060_0.jpg,0510_c004_00030140_0.jpg|0510_c004_00030140_0.jpg|0510_c004_00030140_0.jpg|0510_c004_00030140_0.jpg,0.9848
1,0515,1,0515_c014_00056685_0.jpg,0515_c016_00057000_0.jpg|0515_c014_00056685_0.jpg|0515_c014_00056685_0.jpg|0515_c014_00056685_0.jpg,0.9980
2,0515,2,0515_c015_00054210_0.jpg,0515_c016_00057000_0.jpg|0515_c014_00056685_0.jpg|0515_c014_00056685_0.jpg|0515_c014_00056685_0.jpg,0.9899
3,0515,3,0515_c016_00056980_0.jpg,0515_c016_00057000_0.jpg|0515_c014_00056685_0.jpg|0515_c014_00056685_0.jpg|0515_c014_00056685_0.jpg,0.9934
4,0515,4,0515_c017_00055325_0.jpg,0515_c016_00057000_0.jpg|0515_c014_00056685_0.jpg|0515_c014_00056685_0.jpg|0515_c014_00056685_0.jpg,0.9891
5,0515,5,0515_c019_00055070_0.jpg,0515_c016_00057000_0.jpg|0515_c014_00056685_0.jpg|0515_c014_00056685_0.jpg|0515_c014_00056685_0.jpg,0.9874
1,0518,1,0518_c014_00044550_0.jpg,0518_c018_00046755_0.jpg|0518_c018_00046755_0.jpg|0518_c018_00046960_0.jpg|0518_c018_00046755_0.jpg,0.9828
2,0518,2,0518_c015_00044535_0.jpg,0518_c018_00046755_0.jpg|0518_c018_00046755_0.jpg|0518_c018_00046960_0.jpg|0518_c018_00046755_0.jpg,0.9830
3,0518,3,0518_c016_00044315_0.jpg,0518_c018_00046755_0.jpg|0518_c018_00046755_0.jpg|0518_c018_00046960_0.jpg|0518_c018_00046755_0.jpg,0.9823
4,0518,4,0518_c017_00046080_0.jpg,0518_c018_00046755_0.jpg|0518_c018_00046755_0.jpg|0518_c018_00046960_0.jpg|0518_c018_00046755_0.jpg,0.9790
5,0518,5,0518_c018_00046755_0.jpg,0518_c018_00046755_0.jpg|0518_c018_00046755_0.jpg|0518_c018_00046960_0.jpg|0518_c018_00046755_0.jpg,0.9858
6,0518,6,0518_c019_00045545_0.jpg,0518_c018_00046755_0.jpg|0518_c018_00046755_0.jpg|0518_c018_00046960_0.jpg|0518_c018_00046755_0.jpg,0.9854
1,0522,1,0522_c002_00037025_0.jpg,0522_c002_00037015_0.jpg|0522_c003_00039620_1.jpg|0522_c002_00037015_0.jpg|0522_c002_00037015_0.jpg,0.9959
2,0522,2,0522_c003_00039630_1.jpg,0522_c002_00037015_0.jpg|0522_c003_00039620_1.jpg|0522_c002_00037015_0.jpg|0522_c002_00037015_0.jpg,0.9971
3,0522,3,0522_c004_00039575_1.jpg,0522_c002_00037015_0.jpg|0522_c003_00039620_1.jpg|0522_c002_00037015_0.jpg|0522_c002_00037015_0.jpg,0.9978
4,0522,4,0522_c006_00038790_0.jpg,0522_c002_00037015_0.jpg|0522_c003_00039620_1.jpg|0522_c002_00037015_0.jpg|0522_c002_00037015_0.jpg,0.9958
5,0522,5,0522_c010_00039000_0.jpg,0522_c002_00037015_0.jpg|0522_c003_00039620_1.jpg|0522_c002_00037015_0.jpg|0522_c002_00037015_0.jpg,0.9943
6,0522,6,0522_c011_00038715_0.jpg,0522_c002_00037015_0.jpg|0522_c003_00039620_1.jpg|0522_c002_00037015_0.jpg|0522_c002_00037015_0.jpg,0.9934
1,0541,1,0541_c001_00055075_0.jpg,0541_c001_00055055_0.jpg|0541_c001_00055055_0.jpg|0541_c003_00051315_0.jpg|0541_c001_00055055_0.jpg,0.9958
2,0541,2,0541_c002_00053275_0.jpg,0541_c001_00055055_0.jpg|0541_c001_00055055_0.jpg|0541_c003_00051315_0.jpg|0541_c001_00055055_0.jpg,0.9963
3,0541,3,0541_c003_00051305_0.jpg,0541_c001_00055055_0.jpg|0541_c001_00055055_0.jpg|0541_c003_00051315_0.jpg|0541_c001_00055055_0.jpg,0.9972
4,0541,4,0541_c004_00051185_0.jpg,0541_c001_00055055_0.jpg|0541_c001_00055055_0.jpg|0541_c003_00051315_0.jpg|0541_c001_00055055_0.jpg,0.9964
5,0541,5,0541_c006_00051895_0.jpg,0541_c001_00055055_0.jpg|0541_c001_00055055_0.jpg|0541_c003_00051315_0.jpg|0541_c001_00055055_0.jpg,0.9951
6,0541,6,0541_c008_00051050_0.jpg,0541_c001_00055055_0.jpg|0541_c001_00055055_0.jpg|0541_c003_00051315_0.jpg|0541_c001_00055055_0.jpg,0.9958
7,0541,7,0541_c009_00051135_0.jpg,0541_c001_00055055_0.jpg|0541_c001_00055055_0.jpg|0541_c003_00051315_0.jpg|0541_c001_00055055_0.jpg,0.9959
8,0541,8,0541_c010_00051880_0.jpg,0541_c001_00055055_0.jpg|0541_c001_00055055_0.jpg|0541_c003_00051315_0.jpg|0541_c001_00055055_0.jpg,0.9951
9,0541,9,0541_c011_00051890_0.jpg,0541_c001_00055055_0.jpg|0541_c001_00055055_0.jpg|0541_c003_00051315_0.jpg|0541_c001_00055055_0.jpg,0.9943
10,0541,10,0541_c013_00055810_0.jpg,0541_c001_00055055_0.jpg|0541_c001_00055055_0.jpg|0541_c003_00051315_0.jpg|0541_c001_00055055_0.jpg,0.9941
1,0543,1,0543_c002_00001550_0.jpg,0543_c002_00001565_0.jpg|0543_c002_00001565_0.jpg|0543_c003_00000350_0.jpg|0543_c002_00001565_0.jpg,0.9968
2,0543,2,0543_c003_00000355_0.jpg,0543_c002_00001565_0.jpg|0543_c002_00001565_0.jpg|0543_c003_00000350_0.jpg|0543_c002_00001565_0.jpg,0.9963
3,0543,3,0543_c004_00000215_0.jpg,0543_c002_00001565_0.jpg|0543_c002_00001565_0.jpg|0543_c003_00000350_0.jpg|0543_c002_00001565_0.jpg,0.9923
4,0543,4,0543_c006_00000920_1.jpg,0543_c002_00001565_0.jpg|0543_c002_00001565_0.jpg|0543_c003_00000350_0.jpg|0543_c002_00001565_0.jpg,0.9896
5,0543,5,0543_c008_00000120_0.jpg,0543_c002_00001565_0.jpg|0543_c002_00001565_0.jpg|0543_c003_00000350_0.jpg|0543_c002_00001565_0.jpg,0.9886
6,0543,6,0543_c009_00000135_0.jpg,0543_c002_00001565_0.jpg|0543_c002_00001565_0.jpg|0543_c003_00000350_0.jpg|0543_c002_00001565_0.jpg,0.9898
7,0543,7,0543_c010_00000850_0.jpg,0543_c002_00001565_0.jpg|0543_c002_00001565_0.jpg|0543_c003_00000350_0.jpg|0543_c002_00001565_0.jpg,0.9887
8,0543,8,0543_c011_00000875_0.jpg,0543_c002_00001565_0.jpg|0543_c002_00001565_0.jpg|0543_c003_00000350_0.jpg|0543_c002_00001565_0.jpg,0.9882
1,0545,1,0545_c002_00017280_0.jpg,0545_c004_00014955_0.jpg|0545_c008_00014825_0.jpg|0545_c004_00014955_0.jpg|0545_c004_00014955_0.jpg,0.9710
2,0545,2,0545_c003_00015105_0.jpg,0545_c004_00014955_0.jpg|0545_c008_00014825_0.jpg|0545_c004_00014955_0.jpg|0545_c004_00014955_0.jpg,0.9882
3,0545,3,0545_c004_00014955_0.jpg,0545_c004_00014955_0.jpg|0545_c008_00014825_0.jpg|0545_c004_00014955_0.jpg|0545_c004_00014955_0.jpg,0.9961
4,0545,4,0545_c006_00015685_0.jpg,0545_c004_00014955_0.jpg|0545_c008_00014825_0.jpg|0545_c004_00014955_0.jpg|0545_c004_00014955_0.jpg,0.9936
5,0545,5,0545_c008_00014830_0.jpg,0545_c004_00014955_0.jpg|0545_c008_00014825_0.jpg|0545_c004_00014955_0.jpg|0545_c004_00014955_0.jpg,0.9930
6,0545,6,0545_c009_00014850_0.jpg,0545_c004_00014955_0.jpg|0545_c008_00014825_0.jpg|0545_c004_00014955_0.jpg|0545_c004_00014955_0.jpg,0.9941
7,0545,7,0545_c010_00015630_0.jpg,0545_c004_00014955_0.jpg|0545_c008_00014825_0.jpg|0545_c004_00014955_0.jpg|0545_c004_00014955_0.jpg,0.9944
8,0545,8,0545_c011_00015665_0.jpg,0545_c004_00014955_0.jpg|0545_c008_00014825_0.jpg|0545_c004_00014955_0.jpg|0545_c004_00014955_0.jpg,0.9940
9,0545,9,0545_c016_00010735_0.jpg,0545_c004_00014955_0.jpg|0545_c008_00014825_0.jpg|0545_c004_00014955_0.jpg|0545_c004_00014955_0.jpg,0.9940
1,0546,1,0546_c001_00016910_0.jpg,0546_c001_00016915_0.jpg|0546_c001_00016915_0.jpg|0546_c001_00016915_0.jpg|0546_c001_00016915_0.jpg,0.9975
2,0546,2,0546_c002_00017345_0.jpg,0546_c001_00016915_0.jpg|0546_c001_00016915_0.jpg|0546_c001_00016915_0.jpg|0546_c001_00016915_0.jpg,0.9906
3,0546,3,0546_c003_00020385_0.jpg,0546_c001_00016915_0.jpg|0546_c001_00016915_0.jpg|0546_c001_00016915_0.jpg|0546_c001_00016915_0.jpg,0.9943
4,0546,4,0546_c004_00020355_0.jpg,0546_c001_00016915_0.jpg|0546_c001_00016915_0.jpg|0546_c001_00016915_0.jpg|0546_c001_00016915_0.jpg,0.9935
5,0546,5,0546_c005_00021020_0.jpg,0546_c001_00016915_0.jpg|0546_c001_00016915_0.jpg|0546_c001_00016915_0.jpg|0546_c001_00016915_0.jpg,0.9878
6,0546,6,0546_c006_00019740_0.jpg,0546_c001_00016915_0.jpg|0546_c001_00016915_0.jpg|0546_c001_00016915_0.jpg|0546_c001_00016915_0.jpg,0.9908
7,0546,7,0546_c007_00021155_0.jpg,0546_c001_00016915_0.jpg|0546_c001_00016915_0.jpg|0546_c001_00016915_0.jpg|0546_c001_00016915_0.jpg,0.9903
8,0546,8,0546_c008_00020615_0.jpg,0546_c001_00016915_0.jpg|0546_c001_00016915_0.jpg|0546_c001_00016915_0.jpg|0546_c001_00016915_0.jpg,0.9898
9,0546,9,0546_c009_00020520_0.jpg,0546_c001_00016915_0.jpg|0546_c001_00016915_0.jpg|0546_c001_00016915_0.jpg|0546_c001_00016915_0.jpg,0.9883
10,0546,10,0546_c010_00019865_0.jpg,0546_c001_00016915_0.jpg|0546_c001_00016915_0.jpg|0546_c001_00016915_0.jpg|0546_c001_00016915_0.jpg,0.9894
11,0546,11,0546_c011_00019685_0.jpg,0546_c001_00016915_0.jpg|0546_c001_00016915_0.jpg|0546_c001_00016915_0.jpg|0546_c001_00016915_0.jpg,0.9901
12,0546,12,0546_c012_00016535_0.jpg,0546_c001_00016915_0.jpg|0546_c001_00016915_0.jpg|0546_c001_00016915_0.jpg|0546_c001_00016915_0.jpg,0.9898
13,0546,13,0546_c013_00016620_0.jpg,0546_c001_00016915_0.jpg|0546_c001_00016915_0.jpg|0546_c001_00016915_0.jpg|0546_c001_00016915_0.jpg,0.9894
14,0546,14,0546_c015_00014980_0.jpg,0546_c001_00016915_0.jpg|0546_c001_00016915_0.jpg|0546_c001_00016915_0.jpg|0546_c001_00016915_0.jpg,0.9892
15,0546,15,0546_c017_00015860_0.jpg,0546_c001_00016915_0.jpg|0546_c001_00016915_0.jpg|0546_c001_00016915_0.jpg|0546_c001_00016915_0.jpg,0.9892
16,0546,16,0546_c019_00015605_0.jpg,0546_c001_00016915_0.jpg|0546_c001_00016915_0.jpg|0546_c001_00016915_0.jpg|0546_c001_00016915_0.jpg,0.9886
1,0554,1,0554_c002_00017665_1.jpg,0554_c003_00020850_0.jpg|0554_c003_00020850_0.jpg|0554_c003_00020850_0.jpg|0554_c003_00020850_0.jpg,0.9487
2,0554,2,0554_c003_00020860_0.jpg,0554_c003_00020850_0.jpg|0554_c003_00020850_0.jpg|0554_c003_00020850_0.jpg|0554_c003_00020850_0.jpg,0.9867
3,0554,3,0554_c004_00020845_0.jpg,0554_c003_00020850_0.jpg|0554_c003_00020850_0.jpg|0554_c003_00020850_0.jpg|0554_c003_00020850_0.jpg,0.9853
4,0554,4,0554_c005_00021555_0.jpg,0554_c003_00020850_0.jpg|0554_c003_00020850_0.jpg|0554_c003_00020850_0.jpg|0554_c003_00020850_0.jpg,0.9829
5,0554,5,0554_c006_00019865_0.jpg,0554_c003_00020850_0.jpg|0554_c003_00020850_0.jpg|0554_c003_00020850_0.jpg|0554_c003_00020850_0.jpg,0.9862
6,0554,6,0554_c007_00021690_0.jpg,0554_c003_00020850_0.jpg|0554_c003_00020850_0.jpg|0554_c003_00020850_0.jpg|0554_c003_00020850_0.jpg,0.9842
7,0554,7,0554_c008_00021085_0.jpg,0554_c003_00020850_0.jpg|0554_c003_00020850_0.jpg|0554_c003_00020850_0.jpg|0554_c003_00020850_0.jpg,0.9826
8,0554,8,0554_c009_00020995_0.jpg,0554_c003_00020850_0.jpg|0554_c003_00020850_0.jpg|0554_c003_00020850_0.jpg|0554_c003_00020850_0.jpg,0.9820
9,0554,9,0554_c010_00020055_0.jpg,0554_c003_00020850_0.jpg|0554_c003_00020850_0.jpg|0554_c003_00020850_0.jpg|0554_c003_00020850_0.jpg,0.9844
10,0554,10,0554_c011_00019790_0.jpg,0554_c003_00020850_0.jpg|0554_c003_00020850_0.jpg|0554_c003_00020850_0.jpg|0554_c003_00020850_0.jpg,0.9837
1,0588,1,0588_c001_00060430_0.jpg,0588_c001_00060410_0.jpg|0588_c001_00060410_0.jpg|0588_c001_00060410_0.jpg|0588_c001_00060410_0.jpg,0.9971
2,0588,2,0588_c012_00061010_0.jpg,0588_c001_00060410_0.jpg|0588_c001_00060410_0.jpg|0588_c001_00060410_0.jpg|0588_c001_00060410_0.jpg,0.9937
3,0588,3,0588_c013_00060870_0.jpg,0588_c001_00060410_0.jpg|0588_c001_00060410_0.jpg|0588_c001_00060410_0.jpg|0588_c001_00060410_0.jpg,0.9932
4,0588,4,0588_c014_00062350_0.jpg,0588_c001_00060410_0.jpg|0588_c001_00060410_0.jpg|0588_c001_00060410_0.jpg|0588_c001_00060410_0.jpg,0.9913
5,0588,5,0588_c015_00062195_0.jpg,0588_c001_00060410_0.jpg|0588_c001_00060410_0.jpg|0588_c001_00060410_0.jpg|0588_c001_00060410_0.jpg,0.9881
6,0588,6,0588_c016_00063120_0.jpg,0588_c001_00060410_0.jpg|0588_c001_00060410_0.jpg|0588_c001_00060410_0.jpg|0588_c001_00060410_0.jpg,0.9876
7,0588,7,0588_c017_00061485_0.jpg,0588_c001_00060410_0.jpg|0588_c001_00060410_0.jpg|0588_c001_00060410_0.jpg|0588_c001_00060410_0.jpg,0.9861
8,0588,8,0588_c019_00061640_0.jpg,0588_c001_00060410_0.jpg|0588_c001_00060410_0.jpg|0588_c001_00060410_0.jpg|0588_c001_00060410_0.jpg,0.9860
1,0602,1,0602_c001_00024040_0.jpg,0602_c007_00028335_0.jpg|0602_c007_00028335_0.jpg|0602_c007_00028335_0.jpg|0602_c007_00028335_0.jpg,0.9601
2,0602,2,0602_c002_00024415_0.jpg,0602_c007_00028335_0.jpg|0602_c007_00028335_0.jpg|0602_c007_00028335_0.jpg|0602_c007_00028335_0.jpg,0.9639
3,0602,3,0602_c003_00027235_1.jpg,0602_c007_00028335_0.jpg|0602_c007_00028335_0.jpg|0602_c007_00028335_0.jpg|0602_c007_00028335_0.jpg,0.9639
4,0602,4,0602_c004_00027200_1.jpg,0602_c007_00028335_0.jpg|0602_c007_00028335_0.jpg|0602_c007_00028335_0.jpg|0602_c007_00028335_0.jpg,0.9692
5,0602,5,0602_c005_00028175_2.jpg,0602_c007_00028335_0.jpg|0602_c007_00028335_0.jpg|0602_c007_00028335_0.jpg|0602_c007_00028335_0.jpg,0.9700
6,0602,6,0602_c006_00026435_0.jpg,0602_c007_00028335_0.jpg|0602_c007_00028335_0.jpg|0602_c007_00028335_0.jpg|0602_c007_00028335_0.jpg,0.9705
7,0602,7,0602_c007_00028295_0.jpg,0602_c007_00028335_0.jpg|0602_c007_00028335_0.jpg|0602_c007_00028335_0.jpg|0602_c007_00028335_0.jpg,0.9763
8,0602,8,0602_c008_00027550_0.jpg,0602_c007_00028335_0.jpg|0602_c007_00028335_0.jpg|0602_c007_00028335_0.jpg|0602_c007_00028335_0.jpg,0.9747
9,0602,9,0602_c009_00027445_0.jpg,0602_c007_00028335_0.jpg|0602_c007_00028335_0.jpg|0602_c007_00028335_0.jpg|0602_c007_00028335_0.jpg,0.9740
10,0602,10,0602_c010_00026535_0.jpg,0602_c007_00028335_0.jpg|0602_c007_00028335_0.jpg|0602_c007_00028335_0.jpg|0602_c007_00028335_0.jpg,0.9732
11,0602,11,0602_c011_00026385_0.jpg,0602_c007_00028335_0.jpg|0602_c007_00028335_0.jpg|0602_c007_00028335_0.jpg|0602_c007_00028335_0.jpg,0.9733
12,0602,12,0602_c012_00023580_0.jpg,0602_c007_00028335_0.jpg|0602_c007_00028335_0.jpg|0602_c007_00028335_0.jpg|0602_c007_00028335_0.jpg,0.9732
13,0602,13,0602_c013_00023625_0.jpg,0602_c007_00028335_0.jpg|0602_c007_00028335_0.jpg|0602_c007_00028335_0.jpg|0602_c007_00028335_0.jpg,0.9724
14,0602,14,0602_c014_00033010_0.jpg,0602_c007_00028335_0.jpg|0602_c007_00028335_0.jpg|0602_c007_00028335_0.jpg|0602_c007_00028335_0.jpg,0.9730
15,0602,15,0602_c015_00022160_0.jpg,0602_c007_00028335_0.jpg|0602_c007_00028335_0.jpg|0602_c007_00028335_0.jpg|0602_c007_00028335_0.jpg,0.9718
16,0602,16,0602_c016_00021875_0.jpg,0602_c007_00028335_0.jpg|0602_c007_00028335_0.jpg|0602_c007_00028335_0.jpg|0602_c007_00028335_0.jpg,0.9707
17,0602,17,0602_c017_00033950_1.jpg,0602_c007_00028335_0.jpg|0602_c007_00028335_0.jpg|0602_c007_00028335_0.jpg|0602_c007_00028335_0.jpg,0.9705
18,0602,18,0602_c019_00022775_1.jpg,0602_c007_00028335_0.jpg|0602_c007_00028335_0.jpg|0602_c007_00028335_0.jpg|0602_c007_00028335_0.jpg,0.9700
1,0717,1,0717_c002_00043220_0.jpg,0717_c004_00040860_0.jpg|0717_c006_00055590_0.jpg|0717_c004_00040860_0.jpg|0717_c004_00040860_0.jpg,0.9870
2,0717,2,0717_c003_00040960_0.jpg,0717_c004_00040860_0.jpg|0717_c006_00055590_0.jpg|0717_c004_00040860_0.jpg|0717_c004_00040860_0.jpg,0.9899
3,0717,3,0717_c004_00040860_0.jpg,0717_c004_00040860_0.jpg|0717_c006_00055590_0.jpg|0717_c004_00040860_0.jpg|0717_c004_00040860_0.jpg,0.9957
4,0717,4,0717_c006_00055575_0.jpg,0717_c004_00040860_0.jpg|0717_c006_00055590_0.jpg|0717_c004_00040860_0.jpg|0717_c004_00040860_0.jpg,0.9955
5,0717,5,0717_c008_00040760_0.jpg,0717_c004_00040860_0.jpg|0717_c006_00055590_0.jpg|0717_c004_00040860_0.jpg|0717_c004_00040860_0.jpg,0.9938
6,0717,6,0717_c009_00040840_0.jpg,0717_c004_00040860_0.jpg|0717_c006_00055590_0.jpg|0717_c004_00040860_0.jpg|0717_c004_00040860_0.jpg,0.9941
7,0717,7,0717_c010_00041370_0.jpg,0717_c004_00040860_0.jpg|0717_c006_00055590_0.jpg|0717_c004_00040860_0.jpg|0717_c004_00040860_0.jpg,0.9946
8,0717,8,0717_c011_00041335_1.jpg,0717_c004_00040860_0.jpg|0717_c006_00055590_0.jpg|0717_c004_00040860_0.jpg|0717_c004_00040860_0.jpg,0.9954
1,0768,1,0768_c001_00055555_0.jpg,0768_c001_00055545_0.jpg|0768_c001_00055545_0.jpg|0768_c001_00055545_0.jpg|0768_c001_00055545_0.jpg,0.9986
2,0768,2,0768_c012_00056330_0.jpg,0768_c001_00055545_0.jpg|0768_c001_00055545_0.jpg|0768_c001_00055545_0.jpg|0768_c001_00055545_0.jpg,0.9936
3,0768,3,0768_c013_00056150_0.jpg,0768_c001_00055545_0.jpg|0768_c001_00055545_0.jpg|0768_c001_00055545_0.jpg|0768_c001_00055545_0.jpg,0.9943
4,0768,4,0768_c014_00058350_0.jpg,0768_c001_00055545_0.jpg|0768_c001_00055545_0.jpg|0768_c001_00055545_0.jpg|0768_c001_00055545_0.jpg,0.9950
5,0768,5,0768_c015_00058160_0.jpg,0768_c001_00055545_0.jpg|0768_c001_00055545_0.jpg|0768_c001_00055545_0.jpg|0768_c001_00055545_0.jpg,0.9950
6,0768,6,0768_c017_00057115_0.jpg,0768_c001_00055545_0.jpg|0768_c001_00055545_0.jpg|0768_c001_00055545_0.jpg|0768_c001_00055545_0.jpg,0.9947
7,0768,7,0768_c019_00057375_0.jpg,0768_c001_00055545_0.jpg|0768_c001_00055545_0.jpg|0768_c001_00055545_0.jpg|0768_c001_00055545_0.jpg,0.9942
1,0776,1,0776_c005_00000520_0.jpg,0776_c007_00000630_0.jpg|0776_c007_00000630_0.jpg|0776_c007_00000630_0.jpg|0776_c007_00000630_0.jpg,0.9833
2,0776,2,0776_c007_00000600_0.jpg,0776_c007_00000630_0.jpg|0776_c007_00000630_0.jpg|0776_c007_00000630_0.jpg|0776_c007_00000630_0.jpg,0.9921
3,0776,3,0776_c009_00000000_0.jpg,0776_c007_00000630_0.jpg|0776_c007_00000630_0.jpg|0776_c007_00000630_0.jpg|0776_c007_00000630_0.jpg,0.9904
